tweet_id_str,created_at,processed_text,mentions,jumlah_mention,id
1943195365861396968,Thu Jul 10 06:27:32 +0000 2025,bila ijazah tunjuk indonesia kiamat,"@keuangannews_id,@keuangan",2,1943195365861396968
1943195565145153995,Thu Jul 10 06:28:20 +0000 2025,jokowi mau enak sendiri hancur negara korupsi edan enak minta skandal ijazah palsu guna verifikasi validasi kpu pilpres 2024 henti ndasssmu yang,"@BerisikMedsos,@Sw4r4T3rbungk4m,@PngAdilnR4kyt,@SianiparRismon,@KMRTRoySuryo,@DokterTifa",6,1943195565145153995
1943195596103520511,Thu Jul 10 06:28:27 +0000 2025,nunjukin ijazah asli mau tertawa,@tvOneNews,1,1943195596103520511
1943195593935065111,Thu Jul 10 06:28:27 +0000 2025,lama publik anggap ijazah palsu,"@keuangannews_id,@keuangan,@jokowi",3,1943195593935065111
1943195810239562076,Thu Jul 10 06:29:18 +0000 2025,pilih prospek depan lebih jelas point pakai segala nahan ijazah prospek depan th kan tahu kalau memang benar benar urgent yaa point,@worksfess,1,1943195810239562076
1943195812827423095,Thu Jul 10 06:29:19 +0000 2025,kalau sih acara jokowi salah satu acara bodoh mungkin paling bodoh kalau roysuryo cs kan dasar analisa sesuai ilmu tahu kaji skrng tinggal peelihatkan ijazah asli jokowi analisa roysuryo cs sama kan banget hrsnya,"@tvOneNews,@YakupH",2,1943195812827423095
1943196126422650947,Thu Jul 10 06:30:34 +0000 2025,benar banget mbak proses hasil pisah kalau dapat ijazah iya wajib tuntas proses dulu,@Chynthia_K,1,1943196126422650947
1943196164305957002,Thu Jul 10 06:30:43 +0000 2025,sama roy suryo klaim yakup hasibuan cs mampu tunjuk ijazah asli jokowi,@tvOneNews,1,1943196164305957002
1943196219502891095,Thu Jul 10 06:30:56 +0000 2025,orang punya ijazah asli suruh tunjuk jokowi cirit bahkan mencret sekalipun iya mungkin kilah tunjuk ijazah asli tanda memang punya,"@Tan_Mar3M,@r_martomo",2,1943196219502891095
1943196290827063681,Thu Jul 10 06:31:13 +0000 2025,lama kapolrinya listyo sigit gaduh ijazah palsu jokowi pernah tuntas ujung ujung perintah prabowo rugi investor berani masuk masuk pinginnya kabur,"@SenopatiDiAnno,@prabowo",2,1943196290827063681
1943196344174121079,Thu Jul 10 06:31:25 +0000 2025,sesumbar roy suryo soal ijazah palsu kubu jokowi anggap bukti apa lewat,@YouTube,1,1943196344174121079
1943196358120218798,Thu Jul 10 06:31:29 +0000 2025,kaget mmg ijazah asli nya,@geloraco,1,1943196358120218798
1943196652392603888,Thu Jul 10 06:32:39 +0000 2025,gagal cs dasar analisa kaji sesuai ilmu tahu skrng tinggal tunjuk ijazah jokowi asli sesuai hasil analisa roy suryo cs kan banget harus jangan kata roy suryo gagal bukti bodoh,"@YakupH,@roySuryo",2,1943196652392603888
1943196663008448629,Thu Jul 10 06:32:41 +0000 2025,enak bicara sudah lha 2024 dibohongin main maaf tunjukkin ijazah bahkan masyarakat notabene selalu bayar pajak buat gaji diperkarakanbedebah,@anfarizzat,1,1943196663008448629
1943196758907195475,Thu Jul 10 06:33:04 +0000 2025,om trump beri atensi ijazah jokowi,@hiromi_setoo,1,1943196758907195475
1943196792616567240,Thu Jul 10 06:33:12 +0000 2025,listnya tapiii baju magic com setrika alat dapur piring sendok wajanpanci listrik kawan hanger ember terminal scan surat penting ijazah kakak lain,@2shotscoffee,1,1943196792616567240
1943196860115751029,Thu Jul 10 06:33:28 +0000 2025,ijazah asli nya ghaib rakyat waras mana percaya percaya makhluk ghaib cipta allah bukan ijazah ghaib ingat sekali bukan ijazah asli ghaib,@RIPDEMOKRASI,1,1943196860115751029
1943196949399892410,Thu Jul 10 06:33:50 +0000 2025,tebus ijazah bayar terus kalau daftar kuliah bayar iya bayar buat tebus ijazah dulu kuliah apa tebus ijazah legalisir nilai lebih besar ketimbang uang kuliah,@utfess,1,1943196949399892410
1943197031394320826,Thu Jul 10 06:34:09 +0000 2025,sesal pihak polri netral seluruh rakyat indonesia panggil pihak satu panggil pihak bahkan tutup ikut jelas kalau ijazah identik padahal berani lihat kan sini netral,@rmol_id,1,1943197031394320826
1943197127447818671,Thu Jul 10 06:34:32 +0000 2025,kalau bodoh bodoh ajajgn tambah dungupak kasmujo aku pernah lihat ijazah asli aku jokowi bimbing skripsitrus tanggal kkn beda sama ucap jokowi sana bareskrimfto copy identik bloon,"@ca321abbd90a434,@arifbalikpapan1",2,1943197127447818671
1943197482604990762,Thu Jul 10 06:35:57 +0000 2025,erti sama loker tahan ijazah maksud bagaimana,@alliceonus,1,1943197482604990762
1943197516926980126,Thu Jul 10 06:36:05 +0000 2025,mirip jalan tuju ijazah bodong orang sana,@Goo9le_Fiv3,1,1943197516926980126
1943197642194063700,Thu Jul 10 06:36:35 +0000 2025,kalau otak cerdas ijazah langsung buat daftar kuliah s jadi jabat banyak orang percaya,@KrismonAdji,1,1943197642194063700
1943197657729573011,Thu Jul 10 06:36:39 +0000 2025,hasil ijazah palsu kok gaji,"@Xiaomi_winz,@detikcom",2,1943197657729573011
1943197672157937895,Thu Jul 10 06:36:42 +0000 2025,ijazah jokowi aslih asli palsu termul termul termul bodoh mutermuter terus terus kalau pepet main lapor kejam nya bazzer nya ternak nya,@ommi_siregar,1,1943197672157937895
1943197687026684284,Thu Jul 10 06:36:46 +0000 2025,ijazah palsu gigi palsu mahal ijazah palsu sulit temu sidang ssh,"@keuangannews_id,@keuangan",2,1943197687026684284
1943197757508063396,Thu Jul 10 06:37:02 +0000 2025,barang bukti ijazah kembali bukti ijazah jokowi asli palsu,@democrazymedia,1,1943197757508063396
1943197816870097363,Thu Jul 10 06:37:17 +0000 2025,hm bagaimana yaaa kalau aku seperti dua 2024 lamaaa lho nder kalau mutusin kontrak kena penalti kalau kena terus tahan ijazah waduh,@worksfess,1,1943197816870097363
1943197889301295295,Thu Jul 10 06:37:34 +0000 2025,jokowi pakai ijazah palsu wajib miskin keluarga,"@Bicaasaaal,@Xiaomi_winz,@detikcom",3,1943197889301295295
1943197926911861028,Thu Jul 10 06:37:43 +0000 2025,ijazah produksi pasar pramuka pojok simpan saja bikin malu,"@keuangannews_id,@keuangan",2,1943197926911861028
1943197956540370976,Thu Jul 10 06:37:50 +0000 2025,lorong tuju buat ijazah gadungan,@V3g3L,1,1943197956540370976
1943198066762485999,Thu Jul 10 06:38:16 +0000 2025,sama kasus ijazah nya c jokowi,@GeiszChalifah,1,1943198066762485999
1943198090078622087,Thu Jul 10 06:38:22 +0000 2025,okee tunjuk ijazah asli sekarang,"@Koushiro_Vrc,@kenshi2k_,@renjanaforhn",3,1943198090078622087
1943198249139245184,Thu Jul 10 06:39:00 +0000 2025,kalau muak iya suruh tampil ijazah ny minimal legalisir lah perlu penuh drama suka teriak analog pernah lihat analog ny kan lucu kubu nya sendiri pernah lihat orang hidup kok ruwet banget,"@widyanidonk63,@DianSandiU",2,1943198249139245184
1943198400125767785,Thu Jul 10 06:39:36 +0000 2025,cuma ngeluarin ijazah s asli urus muter begini deh jelas kalau ijazah nya memang masalah,@OposisiCerdas,1,1943198400125767785
1943198494543458363,Thu Jul 10 06:39:58 +0000 2025,aku cuma ijazah sd,"@xoxomii_13,@Koushiro_Vrc,@renjanaforhn",3,1943198494543458363
1943198534590959965,Thu Jul 10 06:40:08 +0000 2025,mudah sudah ijazah palsu tinggal tunjukkin ijazah asli beres perlu sewa acara,@PngAdilnR4kyt,1,1943198534590959965
1943198580841574908,Thu Jul 10 06:40:19 +0000 2025,mslhnya justru situ jkw keras kepala mau lihat ijazah orang normal rakyat biasa punya wajib lihat ijazah sbgmn harus mantan presiden bangga lihat ijazah ugm aplg jkw mantan jabat publiknegara,@CNNIndonesia,1,1943198580841574908
1943198823855382695,Thu Jul 10 06:41:17 +0000 2025,tpua minta nunjukin ijazah asli iya repot punya punya palsu,"@keuangannews_id,@keuangan",2,1943198823855382695
1943199158720139674,Thu Jul 10 06:42:36 +0000 2025,paling bagong kata menchotot si paling menchotot mau tunjuk ijazah asli sekarang kulit nya menchotot mau niat menchotot konoha tuju kakak menchotot besar,@Gank_Of_Petojo,1,1943199158720139674
1943199304312852912,Thu Jul 10 06:43:11 +0000 2025,klu ugm rasa punya tanggung jawab moral hukum lebih baik tutup takut diangap kampus hasil ijazah palsu,@ArdieSuhardi321,1,1943199304312852912
1943199340580999499,Thu Jul 10 06:43:20 +0000 2025,benar ijazah asli made in pasar pramuka,"@DianSandiU,@musthafa_r85831",2,1943199340580999499
1943199344297144777,Thu Jul 10 06:43:21 +0000 2025,memang beneran laminating ijazah,@matchaluvfs,1,1943199344297144777
1943199383471952125,Thu Jul 10 06:43:30 +0000 2025,kan jadi masalah ijazah nya molyono bukan wajah iya wajar cari ijazah,@OposisiCerdas,1,1943199383471952125
1943199437368758383,Thu Jul 10 06:43:43 +0000 2025,azmi jokowi tinggal tunjuk ijazah asli milik hingga kasus selesai kalau tunjuk ijazah asli palsu makin runyam masalah,@CNNIndonesia,1,1943199437368758383
1943199635977441413,Thu Jul 10 06:44:30 +0000 2025,loh beasiswa mana nahan ijazah,@mieladyy,1,1943199635977441413
1943199768529842609,Thu Jul 10 06:45:02 +0000 2025,milik ijazah asli,"@_bsutanto,@STresnowati1,@jokowi,@UGMYogyakarta,@DokterTifa",5,1943199768529842609
1943200179974213680,Thu Jul 10 06:46:40 +0000 2025,bukti ijazah palsu sbaiknya pak lapor bang roy suryo cs tunjuk ijazah asli jangan ijazah apa punya p jokowi palsu masuk omong sejak palsu semua,"@tvOneNews,@KRMT_RoySuryo,@jokowi,@jokowi,@poldametro91",5,1943200179974213680
1943200256587350295,Thu Jul 10 06:46:58 +0000 2025,kalau santai tinggal tunjuk langsung kan selesai urus terus teriak palsu masuk penjara atas tuduh cemar nama baiksimpel kan bahkan punya ijazah enggan tunjuk nama selalu sebut,@Intel_Imut,1,1943200256587350295
1943200340104614262,Thu Jul 10 06:47:18 +0000 2025,tau aku baca sih usaha apa larang tahan ijazah,"@lopmyselff,@worksfess",2,1943200340104614262
1943200394974499051,Thu Jul 10 06:47:31 +0000 2025,biasa samping ijazah,@lemonnnn_____,1,1943200394974499051
1943200672016667120,Thu Jul 10 06:48:37 +0000 2025,keduannya nder terlalu banyak resiko opsi mau kapan gaji nutup buat lunas utangbungaklo opsi lebih baik tahan ijazah pilih sulit usaha bilang bakal lepas 2024 jadi cuma janji,@worksfess,1,1943200672016667120
1943200873653637434,Thu Jul 10 06:49:25 +0000 2025,mungkin jokowi tunjuk ijazah asli memang punya sungguh malu apa kata dunia,@S4N_W1B1,1,1943200873653637434
1943201203988451595,Thu Jul 10 06:50:44 +0000 2025,kecut woi piaran jokowi lihat acara bos luh bikin gaduh kecut tunjuk ijazah asli hadir luh bela kata buat terna joko bool bodoh tolol,"@keuangannews_id,@keuangan",2,1943201203988451595
1943201308372275255,Thu Jul 10 06:51:09 +0000 2025,sederhana sekali klu malu cs tinggal tunjuk tu ijazah asli noh ijazah mau kalian forensik planet mars sekali apa klu jadi alumni,"@KompasTV,@jokowi,@KRMT_RoySuryo,@UGMYogyakarta",4,1943201308372275255
1943201734605819935,Thu Jul 10 06:52:51 +0000 2025,tampak jelas duga rekayasa ijazah memang,@Opposisi6890,1,1943201734605819935
1943201798770081955,Thu Jul 10 06:53:06 +0000 2025,bukan kamu brengsek orang cari benar kok kalau mmng ijazah jokowi benar asli kan tinggal jemput bikin fitnah masuk penjara hukum berat beres kan terus kamu panas dingin otak kamu sakit iya,"@PoltakSitinja18,@DokterTifa",2,1943201798770081955
1943201871633748272,Thu Jul 10 06:53:23 +0000 2025,hadir simpul ijazah pak palsu makan malu hadir punya asli punya beban hadir logika sederhana masuk akal,"@arifbalikpapan1,@jokowi",2,1943201871633748272
1943201952265048467,Thu Jul 10 06:53:43 +0000 2025,kalau biyarkan banyak orang bodoh make ijazah palsu banyak uang minim pengengetahuan pimpin,"@17Yopyop31734,@MJOEJOEF",2,1943201952265048467
1943201970925506830,Thu Jul 10 06:53:47 +0000 2025,ijazah palsu asli tipu tipu,@pelti_nih,1,1943201970925506830
1943202164828201107,Thu Jul 10 06:54:33 +0000 2025,helloooo bagaimana mau teriak kuasa baru pak anies baswedan mau beres ijazah palsu bahkan beliau pecat tkt sendiri ijazah nya palsu,"@AndPaul008,@DokterTifa",2,1943202164828201107
1943202253516808627,Thu Jul 10 06:54:54 +0000 2025,muak lihat dengar kasus ijazah jokodok hukum mati jokodok biar indonesia aman oligarki curang rezim jokodok,@msaid_didu,1,1943202253516808627
1943204902496539064,Thu Jul 10 07:05:26 +0000 2025,ibu mau bikin paspor umroh baru tahu nyata tanggal lahir ktp buku nikah akte ijazah beda semua nyata benar ijazah akte lahir baru bikin 2024 an jadi urus ulang semua buat ubah tanggal lahir ribet banget,@kumenyimaksaja,1,1943204902496539064
1943205880901833175,Thu Jul 10 07:09:19 +0000 2025,kuasa hukumbangkee anjingg jokowidlmhatinya taubahwa ijazahbangkee anjingg jokowipalsu tapikrn mrk buru uang dijanjikandiberikanbangkee anjingg jokowiberbagai mcm caraharus menangg,@tvOneNews,1,1943205880901833175
1943206284247068778,Thu Jul 10 07:10:55 +0000 2025,tukang bohong sembunyi ijazah mau lihat depan ahli pihak roy suryo cs ijazah palsu,@KompasTV,1,1943206284247068778
1943206329990156634,Thu Jul 10 07:11:06 +0000 2025,apa susah nunjukkan ijazah asli kalau memang punya,@RagilSemar,1,1943206329990156634
1943206347497181652,Thu Jul 10 07:11:10 +0000 2025,bongkar ijazah palsu jkw alhamdulillah,@PutriKayan16645,1,1943206347497181652
1943206414325027271,Thu Jul 10 07:11:26 +0000 2025,adil benar tegak masalah ijazah sangat penting wajib tanggung jwbkan apa laku jadi contoh buruk masyarakat kalau biar anggap maklum kedepanny orang anggap apa,@jokowi,1,1943206414325027271
1943206582504034454,Thu Jul 10 07:12:06 +0000 2025,cuma gosip bang seperti siap langkah lanjut proses calon nabi koordinir amp mungkin silfester proses asli ijazah koordinir proses calon sekretaris jenderal pbb koordinir sama termul,"@DarsAlexandra1,@jokowi,@DedynurPalakka,@DianSandiU",4,1943206582504034454
1943206680847614286,Thu Jul 10 07:12:30 +0000 2025,memang pakar mau bela ijazah abalabal,"@GybrantR53927,@todel_liot,@tvOneNews",3,1943206680847614286
1943206718868951299,Thu Jul 10 07:12:39 +0000 2025,nalar normal iya bila kasi lihattunjukkan ijazah ragu asli selesai caci maki bila perlu pidana orang tuduh ijazah palsu sekarang selesai padahal kelas presiden mesti cipta suasana damai,@DokterTifa,1,1943206718868951299
1943206795771834533,Thu Jul 10 07:12:57 +0000 2025,bikin rusak dunia didik coreng cerita ijazah sangat tanya darimana sd smp sama kuliah nya berani tunjuk ijazah asli nya cerita disertasi nya plagiat s nya kayak jalan tol bebas hambat,@mulanbilqis,1,1943206795771834533
1943207234869301600,Thu Jul 10 07:14:42 +0000 2025,jiazah nya menchotot kak aduuuh bakal lebih mati bela sang milik ijazah menchotot,"@MariaAlkaff_,@abu_waras",2,1943207234869301600
1943207640794017956,Thu Jul 10 07:16:19 +0000 2025,jelas sangsi ijazah junjung,"@PoltakSitinja18,@MSafei1968,@DokterTifa",3,1943207640794017956
1943207693428363424,Thu Jul 10 07:16:31 +0000 2025,nabi jokowi tunjuk ijazah asli publik tetap tuduh nya,@geloraco,1,1943207693428363424
1943207753511522758,Thu Jul 10 07:16:46 +0000 2025,kalau ijazah nya asli mau cek puslabfor polri puslabfor roy suryo cs nya lawyer berat kalau asli iya asli perlu panik dong,@jokowi,1,1943207753511522758
1943207799925936578,Thu Jul 10 07:16:57 +0000 2025,mudah opsi tiga gaji lebih banyak nahan ijazah,@worksfess,1,1943207799925936578
1943207945355038786,Thu Jul 10 07:17:31 +0000 2025,spek tara nabi asli ijazah calon sekretaris jenderal pbb indonesia memang tiada lawan luarrrr biasa,"@NetralID62,@DarsAlexandra1,@jokowi,@DedynurPalakka,@DianSandiU",5,1943207945355038786
1943208147168170311,Thu Jul 10 07:18:20 +0000 2025,ayo penjara rismon cs cara tunjukkin ijazah asli termul kalau kamu yakin si kurap punya ijazah,@CNNIndonesia,1,1943208147168170311
1943208375388639452,Thu Jul 10 07:19:14 +0000 2025,suara terus kalian punya ijazah asli kalian hormat lulus ugm hatihati aku bukti he was ngedabruz,@abu_waras,1,1943208375388639452
1943208435115528387,Thu Jul 10 07:19:28 +0000 2025,ksh informasi dikit jangan ijazah keluar cetak ijazah keluar buah umiversitaspt lama benar jk penuh prosesprosedur capai bagaimana orang tuju aku ugm janggal sebut abai,@tham878,1,1943208435115528387
1943208618163085669,Thu Jul 10 07:20:12 +0000 2025,padahal banyak harap roy suryo cs masuk penjara lihat ijazah asli keluar 2024 ugm fakultas hutan,@detikcom,1,1943208618163085669
1943208661419200556,Thu Jul 10 07:20:22 +0000 2025,sprtinya iya soal wktu hrnya lihat muka kecewa krna tahan ijazah hrnya yakin aku klau lvl staff smpai manager semua tahan ijazah,"@muhz_za,@worksfess",2,1943208661419200556
1943208667605864617,Thu Jul 10 07:20:24 +0000 2025,awokwokwok habis mau pakai bahasa kalau habis energi negara buat ngurusin ijazah huruf anya mencotot wkwkwk,"@Gendoet3G,@Bintu__Baba",2,1943208667605864617
1943208835508056267,Thu Jul 10 07:21:04 +0000 2025,kalu ijazah nya palsu arti laku tindak palsu dokumen tahun kan hukum nya palsu dokumen,@PngAdilnR4kyt,1,1943208835508056267
1943208925215756580,Thu Jul 10 07:21:25 +0000 2025,lholho jadi konsen publik fotokopi ijazah presiden ri banyak janggal kok bahkan bawa cacat lidi bareskrim,@tvOneNews,1,1943208925215756580
1943208948405862644,Thu Jul 10 07:21:31 +0000 2025,memang ijazah asli ijasah palsu,"@keuangannews_id,@keuangan",2,1943208948405862644
1943209131378381115,Thu Jul 10 07:22:14 +0000 2025,tunjukin aje ijazah nye,@abu_waras,1,1943209131378381115
1943209352825016546,Thu Jul 10 07:23:07 +0000 2025,kok seperti samasama pegang ijazah asli yoo,@_riverheaven,1,1943209352825016546
1943210862631879035,Thu Jul 10 07:29:07 +0000 2025,misteri besar balik ijazah palsu tentu akte palsu,@democrazymedia,1,1943210862631879035
1943211364379693395,Thu Jul 10 07:31:07 +0000 2025,penjara konsekwensi tuduh ijazah palsu,"@Teman_Lama2000,@DokterTifa",2,1943211364379693395
1943211573448970645,Thu Jul 10 07:31:56 +0000 2025,lah kamu uplod ijazah palsu,@DianSandiU,1,1943211573448970645
1943211611000573982,Thu Jul 10 07:32:05 +0000 2025,ijazah usut tuntas,@tempodotco,1,1943211611000573982
1943211771118141770,Thu Jul 10 07:32:44 +0000 2025,biasa saudara laki sewot skedar tanya ijazah wajar rakyat tanya jabat makan gaji pajak rakyat sekali ber obama presiden as tanya akte lahir kasih lihat publik presiden negara adikuasa loh jokodok pakai alesan ham,"@PoltakSitinja18,@DokterTifa,@PoltakSitinja18",3,1943211771118141770
1943211790814597191,Thu Jul 10 07:32:48 +0000 2025,ijazah jokowi palsu apa urus ugm,@neVerAl0nely_,1,1943211790814597191
1943211815649063102,Thu Jul 10 07:32:54 +0000 2025,benar masalah mudah bukti palsu asli ribu satu alas masuk akal urus terus jadi polemik jokowi amp kuasa hukum terus dalil mau lihat ijazah apa ijazah,@arifbalikpapan1,1,1943211815649063102
1943211879704465467,Thu Jul 10 07:33:09 +0000 2025,ijazah palsu palsu,@alisyarief,1,1943211879704465467
1943211987774943356,Thu Jul 10 07:33:35 +0000 2025,kan kamu edar ijazah jokowi kata asli analisa hasil palsu amp pengacada jokowi bilg kalau ijazah jokowi pernah lihat umum sini kalau bukan kamu bohong iya acara jokowi bohong,@DianSandiU,1,1943211987774943356
1943212068402008347,Thu Jul 10 07:33:54 +0000 2025,hahahaminijazah upp dak berani mas jokowi tampil,@democrazymedia,1,1943212068402008347
1943212159657202058,Thu Jul 10 07:34:16 +0000 2025,salah jokowi bangun ikn kan orang indonesia aquaman bukan bukit man eh iya ding jokowi tetap salah soal indikasi ijazah palsu manusia indo sinting,@ThreadSkandal,1,1943212159657202058
1943212182868508940,Thu Jul 10 07:34:22 +0000 2025,kasi kamu jkw gara ijazah ribut satu negeri kamu biar anak negeri hidup fitnah saling fitnah jangan zholimi anak bangsa lapang dada lah tunjuk asli polemik selesai jangan jadi kecut,@anfarizzat,1,1943212182868508940
1943212272999973103,Thu Jul 10 07:34:43 +0000 2025,pngacara apa kamu wenang mngatakan ijazah palsu iya putus pngadilan bukan polisi,@KompasTV,1,1943212272999973103
1943212521088778705,Thu Jul 10 07:35:42 +0000 2025,jokowi dalil punya ijazah asli wajib bukti ijazah asli palsu satu rakyat percaya omong orang lahir watak tipu buzzerrp hasil rampok apbn,@jokowi,1,1943212521088778705
1943212621437521945,Thu Jul 10 07:36:06 +0000 2025,mabok ijazah,@DokterTifa,1,1943212621437521945
1943213118060142667,Thu Jul 10 07:38:05 +0000 2025,jadi bikin gaduh siapa makin lihat ijazah memang bodong alumni ugm ijazah upp ugm universitas ganggu mental alias kakeyan cangkem alias kang bohong,"@keuangannews_id,@keuangan",2,1943213118060142667
1943213121415315531,Thu Jul 10 07:38:05 +0000 2025,bagaimana rakyat waras mau diam kalau semua apa sampai roy suryo cs daging semua ngak rasa tulang ijazah nya mana tunjuk kan,@RIPDEMOKRASI,1,1943213121415315531
1943213134724165766,Thu Jul 10 07:38:09 +0000 2025,obstruction of justice halang muncul ijazah asli maaf kalau tepat,@msaid_didu,1,1943213134724165766
1943213622420779010,Thu Jul 10 07:40:05 +0000 2025,kasih bukti jadi kamu bicara kalau palsu tahu dulu kamu tampar nyata jadi ijazah palsu kamu sulit buat buka mata,"@todel_liot,@tvOneNews",2,1943213622420779010
1943213739874095354,Thu Jul 10 07:40:33 +0000 2025,kamu siapa tolol ngelarang orang minta nunjukin ijazah asli,"@MasfulPutra,@abu_waras",2,1943213739874095354
1943213751005786338,Thu Jul 10 07:40:36 +0000 2025,ijazah jokowi,"@arifbalikpapan1,@grok",2,1943213751005786338
1943213970565009629,Thu Jul 10 07:41:28 +0000 2025,ijazah kapan,@arcfleurrose,1,1943213970565009629
1943214032410021986,Thu Jul 10 07:41:43 +0000 2025,wong selesai kuliah kok aku punya ijazah,@DianSandiU,1,1943214032410021986
1943214489295278275,Thu Jul 10 07:43:32 +0000 2025,gelar perkara khusus laku bareskrim makin yakin ijazah,@STresnowati1,1,1943214489295278275
1943214712872931492,Thu Jul 10 07:44:25 +0000 2025,prediksi kapan ijazah lihat mau lihat ijazah roy suryo cs penjara bambang tri gus nur,@OposisiCerdas,1,1943214712872931492
1943214837548667054,Thu Jul 10 07:44:55 +0000 2025,apa hubunganye nabi isa sama ijazah palsu,@__PASMANTAP,1,1943214837548667054
1943214880204677347,Thu Jul 10 07:45:05 +0000 2025,ijazah palsu jokowi,@tvOneNews,1,1943214880204677347
1943214894331162938,Thu Jul 10 07:45:08 +0000 2025,klu punya asli tunjuk bangga ijazah asli alumni ugm,@tempodotco,1,1943214894331162938
1943215039684764117,Thu Jul 10 07:45:43 +0000 2025,iya rismon kawan uji forensik dasar postingan kader psi pedenya bilang ijazah asli nyata palsu asli jokowi yakin bohong hingga detik pernah mau lihat bahkan adil,"@HariSetiyono9,@DianSandiU",2,1943215039684764117
1943215069598536129,Thu Jul 10 07:45:50 +0000 2025,kunci semua kasus ijazah jokowi jujur aneh memang lihat tingkah laku jokowi kondisi sakit gatal berani tampil masa tunjuk ijazah berani banyak dalih ancam,@DokterTifa,1,1943215069598536129
1943215389682610486,Thu Jul 10 07:47:06 +0000 2025,ijazah adzab,@Opposisi6890,1,1943215389682610486
1943215407118286857,Thu Jul 10 07:47:10 +0000 2025,dear benar hasil gelar perkara khusus bareskrim polri nyata jokowi guna ijazah palsu terima kasih,"@Harakiri_14,@grok,@grok",3,1943215407118286857
1943215501930545476,Thu Jul 10 07:47:33 +0000 2025,praturan mngikat mlarang prusahaan tahan ijazah adapun surat edar kemnaker brsifat himbauan kepala daerah punya kuat hukum hrsny stidakny kemnaker terbit permenaker trkait larang tahan ijazah bahkan terbit se,"@oerybu_,@lopmyselff,@worksfess",3,1943215501930545476
1943215934048735547,Thu Jul 10 07:49:16 +0000 2025,now watching bukti ijazah asli ijazah sama sulit atur uang kalau uang,@tvOneNews,1,1943215934048735547
1943216331077357979,Thu Jul 10 07:50:51 +0000 2025,sangkin fokus ikutin kasus jadi lewat betapa carut marut program mbg tambang ilegal papua sini lihat siapa untung siapa biaya main drama kasus ijazah palsu,@bangherwin,1,1943216331077357979
1943216609054855605,Thu Jul 10 07:51:57 +0000 2025,tuntas selesai lihat wujud ijazah asli,@anfarizzat,1,1943216609054855605
1943216726788968825,Thu Jul 10 07:52:25 +0000 2025,lama ijazah asli tunjuk lama bulan tetap kitar bumi,"@yaniarsim,@jokowi",2,1943216726788968825
1943216745818526193,Thu Jul 10 07:52:30 +0000 2025,hah kok beasiswa nahan ijazah,@mieladyy,1,1943216745818526193
1943216770162266167,Thu Jul 10 07:52:35 +0000 2025,kalau memang ijazah asli sulit perkara bukan perkara sulit,"@keuangannews_id,@keuangan",2,1943216770162266167
1943216849950552140,Thu Jul 10 07:52:54 +0000 2025,kalau ijazah asli pernah muncul kasus sebar isu bohong hasut buat gaduh tanya sopan sih,@OposisiCerdas,1,1943216849950552140
1943216881789472893,Thu Jul 10 07:53:02 +0000 2025,acara bodoh ijazah asli palsu mengadafaham,@tvOneNews,1,1943216881789472893
1943216967307137174,Thu Jul 10 07:53:22 +0000 2025,wahai tunjuk ijazah asli selesai perkara apa susah tunjuk izajah asli masyarakat semua tenang gaduh laku,@jokowi,1,1943216967307137174
1943216982985445553,Thu Jul 10 07:53:26 +0000 2025,banyakin teman banyakin koneksi der pintee kadang cukup pinter kalau banding teman dulu lulus kuliah hari kamis pegang ijazah hari senin kerja bahkan belum ditawarin kerja sayang ijazah keluar,@tanyakanrl,1,1943216982985445553
1943217273944277172,Thu Jul 10 07:54:35 +0000 2025,cerita masalah ijazah begini cerita masalah kronologi gelar perkara hasil nya begini dengar saksi siar berita lewat media apa lebih baik semua media televisi siar iklan,"@LexWu_13,@ListyoSigitP,@DivHumas_Polri",3,1943217273944277172
1943217534515449994,Thu Jul 10 07:55:38 +0000 2025,kalau ijazah asli kalian ragu tunjuk jokowi rupa bilang apa naik popularitas normal ijazah bagi personal branding apadaya punya muter alas,"@keuangannews_id,@keuangan",2,1943217534515449994
1943217537040179409,Thu Jul 10 07:55:38 +0000 2025,kayak kiamat bakal selesai masalah ijazah palaasu percaya kelak yaumil hisab semua bongkar,@RagilSemar,1,1943217537040179409
1943217683924742393,Thu Jul 10 07:56:13 +0000 2025,ijazah palaasu,@RagilSemar,1,1943217683924742393
1943218116315746379,Thu Jul 10 07:57:56 +0000 2025,kalau ijazah asli pernah dikeluarin pak tri terus prihatin,"@WeeNiDv,@andrisurya79,@abu_waras",3,1943218116315746379
1943218239691211241,Thu Jul 10 07:58:26 +0000 2025,acara psnyakit turun bsnya bikin gaduh kasus ijazah ijazah g bawa orgnya hadir gelar perkara khusus barekrim polri terus rakyat paksa suruh percaya sm acara oe hong liong alias mulkadas arti ijazah jokowi palsu fix,@AiraNtieReal,1,1943218239691211241
1943218415356772635,Thu Jul 10 07:59:08 +0000 2025,makin seru data alas dukung protes sebar mana iring robot buzzerp tenggelam hilang satu satu makin kuat praduga ijazah jkw palsu netizen langit peluang mahasiswa ugm segera akhir,@abu_waras,1,1943218415356772635
1943218649264767401,Thu Jul 10 08:00:03 +0000 2025,fotocopy ijazah jokowi buat daftar pilpres amp palsu gelar perkara khusus tanggal juli kuasa hukum jokowi tunjuk ijazah jokowi apa kata dunia,"@UN,@ICC,@OCCRP,@prabowo,@CCICPolri,@DokterTifa,@SianiparRismon,@KMRTRoySuryo",8,1943218649264767401
1943218674342727918,Thu Jul 10 08:00:09 +0000 2025,negasi terang gugat ijazah tiran amp dictatorship ayooberani nggk lawan rakyat,"@KompasTV,@DPR_RI,@DPDRI,@perludem,@mprgoid,@perludemrespect,@PDI_Perjuangan,@PartaiPerindo,@BebySoSweet,@regar_op0sisi",10,1943218674342727918
1943218809206378675,Thu Jul 10 08:00:42 +0000 2025,heran perintah wakil rakyat dprri diam seolaholah dengar polemik ijazah presiden nkri segera selesai lewat putus hakim asli palsu ijazah nya datang pakar ahli sidang,@_riverheaven,1,1943218809206378675
1943218822699262358,Thu Jul 10 08:00:45 +0000 2025,turut alas ulur yakin tim kuasa hukum pernah lama lihat ijazah itubareskrim pernah menahanmenyita barang bukti proses lidi,@tvOneNews,1,1943218822699262358
1943219148408095109,Thu Jul 10 08:02:02 +0000 2025,loh kan jokowi lulus upp universitas pasar pramuka jadi mana punya ijazah ugm,@arifbalikpapan1,1,1943219148408095109
1943219233581863400,Thu Jul 10 08:02:23 +0000 2025,ralat alas kuasa hukum termul celeng enggan tunjuk ijazah ijazah palsu kuasa hukum termul memang tolol bablas,@jokowi,1,1943219233581863400
1943219621450170515,Thu Jul 10 08:03:55 +0000 2025,ijazah asli tunjuk serah,"@ASuyono471891,@msaid_didu",2,1943219621450170515
1943219897485729916,Thu Jul 10 08:05:01 +0000 2025,bagaimana mau nunjukin ijazah barang asli,"@Ronnie_Rusli,@keuangannews_id,@keuangan",3,1943219897485729916
1943220396758630737,Thu Jul 10 08:07:00 +0000 2025,janggal publik kata ijazah tunjuk pengadilan panggil pn solo pn sleman hadir putus verstek jatuh gugat hadir alas sah panggil patut pengadilan,@tempodotco,1,1943220396758630737
1943220735251747009,Thu Jul 10 08:08:21 +0000 2025,maaf ngikutin kasus mskdnya nimpa tu apa iya ijazah si joko timpa tulis iya,"@kertanegara_167,@hiromi_setoo",2,1943220735251747009
1943221239897821680,Thu Jul 10 08:10:21 +0000 2025,taubat orang bohong palsu ijazah ternak jokowi alias termul lebih,"@AbdHamid788,@DokterTifa",2,1943221239897821680
1943221418134769940,Thu Jul 10 08:11:04 +0000 2025,alumni ugm tanya kan legalitas universitas nya ijazah kata nya alumni ugm bayang kalau masalah selesai jadi sejarah kelam dunia didik,@S4N_W1B1,1,1943221418134769940
1943221449831125023,Thu Jul 10 08:11:11 +0000 2025,kepala satu mata foto ijazah si jokowi beda,@RagilSemar,1,1943221449831125023
1943221545280901130,Thu Jul 10 08:11:34 +0000 2025,orang culas alas fix punya ijazah,"@keuangannews_id,@keuangan",2,1943221545280901130
1943221946008711490,Thu Jul 10 08:13:09 +0000 2025,kalau ijazah palsu memang sembunyi,"@keuangannews_id,@keuangan",2,1943221946008711490
1943222023813239022,Thu Jul 10 08:13:28 +0000 2025,brarti memang mau tunjuk ijazah asli,"@SingaGurun15,@DokterTifa",2,1943222023813239022
1943222374096064871,Thu Jul 10 08:14:51 +0000 2025,si jokowi termul iq rendah masa minta unjuk ijazah rasa fitnah bahkan lapor polisi segala arti otak nyambung rakyat justru ber iq tinggi makanya nilai,@Boediantar4,1,1943222374096064871
1943222751592091650,Thu Jul 10 08:16:21 +0000 2025,memang punya ijazah,@tempodotco,1,1943222751592091650
1943222793132445881,Thu Jul 10 08:16:31 +0000 2025,enak penjara tmn muda nya bambang tri istri perkosa bayang bgm mental nya bambang tri lalu mudah nya lawyer jokowi minta polemik ijazah palsu akhir lawak qomar penjara palsu ijazah nyalon anggota dprd kok,"@PngAdilnR4kyt,@jokowi",2,1943222793132445881
1943223081855783095,Thu Jul 10 08:17:40 +0000 2025,tuding ijazah palsu lihat asli cukup rw goblok,@msaid_didu,1,1943223081855783095
1943223285245972526,Thu Jul 10 08:18:29 +0000 2025,lanjut ijazah nya tunjuk publik,@anfarizzat,1,1943223285245972526
1943223309946212518,Thu Jul 10 08:18:35 +0000 2025,perlu bukti siapa jokowi bohong mk indentitas ijazah bohong sama sekali tunjuk ijazah foto masalah data masalah asli ijazah jelas masalah datang bareskrim berani nunjukin ijazah,@tvOneNews,1,1943223309946212518
1943223429995598040,Thu Jul 10 08:19:03 +0000 2025,acara buzzer kalau bareskrim memang teliti ijazah asli banding tampil semua polisi dak tunjuk asli sama dak bukti benar lidi nya,@tvOneNews,1,1943223429995598040
1943223469740822730,Thu Jul 10 08:19:13 +0000 2025,paling benar buka les iku ae kerja samping mbe golek kerjo sek aneh nahan ijazah,@yopiyeyo_,1,1943223469740822730
1943223527446094329,Thu Jul 10 08:19:26 +0000 2025,iya bekas presiden lawyernya anak kemarin sore bukan acara besar baca uu kip nomor khusus pasal ayat pjbt publik wajib buka informasi hasil evaluasi didik ijazah,@tvOneNews,1,1943223527446094329
1943223805108981889,Thu Jul 10 08:20:33 +0000 2025,cari terus salah orang pimpin 2024 jadi presiden pilih rakyat gara ijazah aku ugm bareskrim sekarang soal nilai ip amp skripsi kok puas,@arifbalikpapan1,1,1943223805108981889
1943223985766043868,Thu Jul 10 08:21:16 +0000 2025,orang tolol percaya ijazah jokowi asli,"@Sosmed4Fun,@y91280,@tvOneNews,@YakupH",4,1943223985766043868
1943224287059440060,Thu Jul 10 08:22:28 +0000 2025,memang palsu negara punya penting tutup dunia luar bayang kalau dunia internasional tahu orang presiden pernah pilih ijazah palsu otomatis percaya dunia internasional trhdp indonesia,"@maloppo25,@MJOEJOEF",2,1943224287059440060
1943224364796907739,Thu Jul 10 08:22:46 +0000 2025,padahal tipu jokonthol periode belum guna ijazah palsu bohong publik wowo presiden sejak 2024 lalu,@DoankWarto,1,1943224364796907739
1943224502168752390,Thu Jul 10 08:23:19 +0000 2025,presiden tipu urus hukum akal bela tim hukum bohong bagaimana rakyat percaya ijazah jokowi asli lha wong lihat lanjur malu mrk jadi sekali mati tunjuk,@detikcom,1,1943224502168752390
1943224703293792698,Thu Jul 10 08:24:07 +0000 2025,orang ko jadi bodoh ijazah asli mesti uji forensik segala tinggal unjukin barang selesai perkara,@tempodotco,1,1943224703293792698
1943224851550081491,Thu Jul 10 08:24:42 +0000 2025,identik kata polri lalu foto copy ijazah apa hasil asline foto copiannya sama apa upload kader psiyg forensik team ilmiah,@msaid_didu,1,1943224851550081491
1943224850610565598,Thu Jul 10 08:24:42 +0000 2025,acara kyak begini rakyat tambah yakin kalau ijazah jokowi palsu,@RagilSemar,1,1943224850610565598
1943225274495308002,Thu Jul 10 08:26:23 +0000 2025,lah si roy suryo cs biang isu bohong ijazah palsu kalah lawan benar ijazah pak dulu asli nyata kubu keok pilpres aje guoblog bikin isu isu bohong malu buang energi,"@jokowi,@UGMYogyakarta",2,1943225274495308002
1943225298796900810,Thu Jul 10 08:26:29 +0000 2025,tunjuk ijazah palsu selesai titik,@MariaAlkaff_,1,1943225298796900810
1943225346972926080,Thu Jul 10 08:26:40 +0000 2025,pihak jadi kecut jangan memang punya ijazah bagai alas keluar bahkan penjara beberapa orang rasa takut polisi moga segala bohong busuk segera bongkar kualat aamiin,"@jokowi,@UGMYogyakarta",2,1943225346972926080
1943225403524682144,Thu Jul 10 08:26:54 +0000 2025,kocak orang situ ogeb bahkan ngatain orglain kalau ijazah palsu iya sipemilik palsu diinjek biji kd korban palsu sasar koplax,"@Denyz_R,@berlianidris",2,1943225403524682144
1943225511314092108,Thu Jul 10 08:27:19 +0000 2025,aura alumni tiap hari legalisir ijazah melulu nya hilang,@WatchmenID,1,1943225511314092108
1943225689983062440,Thu Jul 10 08:28:02 +0000 2025,jadi patut duga ijazah jokowi memang palsu politik memang ijazah jokowi betul asli belio bangga tunjuk ijazah asli buat apa jokowi mesti repot buang duwit sewa acara segala,@tvOneNews,1,1943225689983062440
1943225860301165026,Thu Jul 10 08:28:43 +0000 2025,mampu bukti ijazah jokowi asli,@tvOneNews,1,1943225860301165026
1943226340859351236,Thu Jul 10 08:30:37 +0000 2025,harap juang sia berat benar palsu ijazah jokowi,"@bjopass17,@PngAdilnR4kyt",2,1943226340859351236
1943226400472994155,Thu Jul 10 08:30:51 +0000 2025,jahat sempurna kalau ugmampbareskrim bersikukuh ijazah jokowi asli keluar baik ingat dosa tuhan jokowi konon lulus smppsma vi surakarta tulis ugm sama yogyakarta photonya beda,@UGMYogyakarta,1,1943226400472994155
1943226415933198483,Thu Jul 10 08:30:55 +0000 2025,alumni ugm banyak mulai serang rektor universitas lantar terlalu belit kasus ijazah jokowi,@tempodotco,1,1943226415933198483
1943226465387962864,Thu Jul 10 08:31:07 +0000 2025,coba cek ijazah asli nama tunjuk ijazah asli jangan kata kata tinggal nunjukkin apa susah si,@AzzamIzzulhaq,1,1943226465387962864
1943226612755108288,Thu Jul 10 08:31:42 +0000 2025,terus tahan alas ijazah masuk kategori data pribadi jadi tunjuk publik,@mulanbilqis,1,1943226612755108288
1943226619428245687,Thu Jul 10 08:31:44 +0000 2025,memang mulkodok kurap hubung ijazah palsutakut deh tetmulll tololl sembunyi sikurap ketiak bareaskrim,"@Antihoax___,@SyahrulDA2,@Lembayung071,@Kimberley_PS08,@xquitavee",5,1943226619428245687
1943226986517926266,Thu Jul 10 08:33:11 +0000 2025,kamu erti klaim ijazah pak jokowi palsu si roy cs kata punya bukti iya tunjuk pengadilan bukti bukan nyuruh pak jokowi dtgtunjukkan bukti klu palsu pasti ijazah asli pak jokowi gagal paham iya,"@Eri_Roesly,@tvOneNews",2,1943226986517926266
1943226999620943954,Thu Jul 10 08:33:14 +0000 2025,ijazah kok typo,@gilang_ahm31272,1,1943226999620943954
1943227043656667358,Thu Jul 10 08:33:25 +0000 2025,anjing gercep banget wkwkw ijazah bodong ampe jilid jilid,@kumparan,1,1943227043656667358
1943227084697907581,Thu Jul 10 08:33:35 +0000 2025,makin yakin ijazah palsu yakin t palsu tipu takut tunjuk ijazah palsu jikayakin asli takut khianat pecah belah anak bangsa,"@DianSandiU,@jokowi,@jokowi",3,1943227084697907581
1943227542619697212,Thu Jul 10 08:35:24 +0000 2025,wartawan tolollmn ijazahmana ijazah jangan banyak bacok bayarbayar so caircair,"@Antihoax___,@SyahrulDA2,@Lembayung071,@Kimberley_PS08,@xquitavee",5,1943227542619697212
1943227553449427438,Thu Jul 10 08:35:26 +0000 2025,mesti polri tampil tengah ada ijazah asli polri wenang laku sita buat terang perkara terang publik larut,"@keuangannews_id,@keuangan",2,1943227553449427438
1943227935931953522,Thu Jul 10 08:36:58 +0000 2025,kak lpk total jt mahal banget coba kamu cari lpk kelas online kaya ohm bandung ajar malam amp kamu kerja pagi jangan tahan ijazah jadi kamu sekali ajar tahun kamu pindah jepang kalau tekad kuat,@worksfess,1,1943227935931953522
1943227964398911655,Thu Jul 10 08:37:04 +0000 2025,jangan paksa rakyat aku ijazah jokowi asli kuasa hukum jokowi lihat ijazah asli bukankah lihat foto copy,@KompasTV,1,1943227964398911655
1943228316053573692,Thu Jul 10 08:38:28 +0000 2025,kuliah kok suruh tunjukin ijazah bagaimana pakar,@CNNIndonesia,1,1943228316053573692
1943228514083491972,Thu Jul 10 08:39:15 +0000 2025,percaya ijazah pak asli tulis ijazah moga segera tampil biar masalah cepat selesai pak jkw tenang,"@MariaAlkaff_,@jokowi",2,1943228514083491972
1943228543103549839,Thu Jul 10 08:39:22 +0000 2025,roy suryo lah bawa bukti tunjuk langsung media serta analisis eta lebih transparan banding puslabfor kerja ruang gelap lalu bikin umum ijazah identik,@abu_waras,1,1943228543103549839
1943228606840533231,Thu Jul 10 08:39:37 +0000 2025,acara tololll mn ijazah mana ijazah jokowi kok lihat bayarbayarbayar so cairso cairso cair,@msaid_didu,1,1943228606840533231
1943228763355172934,Thu Jul 10 08:40:15 +0000 2025,tahan ijazah sempat online sana,@worksfess,1,1943228763355172934
1943228891163955647,Thu Jul 10 08:40:45 +0000 2025,kalau palsu mungkin lembaga kelas ugm biar jadi kpu daerah kpu pusat mau lolos ijazah nyata verifikasi palsu coba pakai otak sekal lihat masalah,@FashionIin,1,1943228891163955647
1943229137658978577,Thu Jul 10 08:41:44 +0000 2025,benar kak ptnya aku pernah interview sana underpaid parah fee intern akhir lebih tahu si sekarang online minta tahan ijazah,"@Pixie_Parasols,@worksfess",2,1943229137658978577
1943229239886778508,Thu Jul 10 08:42:08 +0000 2025,wak baliakan ijazah situ kakak pak eri beko,"@__auliarahmat,@PrabuDwiki",2,1943229239886778508
1943229416974487867,Thu Jul 10 08:42:51 +0000 2025,lama jokowi jadi bahan olok olok ijazah palsu,"@yaniarsim,@jokowi",2,1943229416974487867
1943229585732374912,Thu Jul 10 08:43:31 +0000 2025,mana puslabfor pedoman fotocopy ijazah legalisir,@kompascom,1,1943229585732374912
1943229636223340983,Thu Jul 10 08:43:43 +0000 2025,ijazah pak jokowi beneranasli tulis i j a z a h,"@bungalotus25,@tedy_bambang,@prabowo,@Gerindra,@bang_dasco,@DPR_RI,@ListyoSigitP,@ahriesonta",8,1943229636223340983
1943229896052085116,Thu Jul 10 08:44:45 +0000 2025,yth bapak presiden ri wakil rakyat lemuria mohon hormat kapolri kabareskrim polri ganti polemik ijazah ugm palsu jokowi segera selesai,"@democrazymedia,@BobbyPatriotCat,@prabowo",3,1943229896052085116
1943230266782404766,Thu Jul 10 08:46:13 +0000 2025,cara pikir laen ugm institusi wenang keluar ijazah kok mau periksa wenang keluar ijazah bagaimana,"@Ahmad692x,@muhfadlinugraha,@UGMYogyakarta,@KenSavitri35075",4,1943230266782404766
1943230986134917628,Thu Jul 10 08:49:05 +0000 2025,padahal tinggal tunjukin selesai ribet krna benar ijazah palsu makanya berani tunjuk,@OposisiCerdas,1,1943230986134917628
1943231055529488586,Thu Jul 10 08:49:21 +0000 2025,inti simpel kalau lawyer tolol si jokowi punya nyali tunjuk ijazah asli arti rakyat mudah ambil simpul kalau jokowi memang punya ijazah asli deh lah kelar urus,@OposisiCerdas,1,1943231055529488586
1943231206725947654,Thu Jul 10 08:49:57 +0000 2025,pakai fasilitas negara alat ijazah wajib,"@jarudin59,@KompasTV",2,1943231206725947654
1943231528445825136,Thu Jul 10 08:51:14 +0000 2025,si jokowi sibuk urus ijazah sibuk bagaimana cara kuasa lama sibuk urus buzzernya selalu makan soal susah rakyat buzzernya pedulisaat rakyat tuntut ijazah asli peduli,@DianSandiU,1,1943231528445825136
1943231999273242640,Thu Jul 10 08:53:06 +0000 2025,tentu asli ijazah jokowi suryo rismon karepmu deweee,@RagilSemar,1,1943231999273242640
1943232083788501281,Thu Jul 10 08:53:26 +0000 2025,halah ijazah palsu sedang apa tunjuk kalau asli 2024 kemarin dipamerin kayak tahu mukidi,"@keuangannews_id,@keuangan",2,1943232083788501281
1943232168949617141,Thu Jul 10 08:53:47 +0000 2025,mayjend soenarko yakin punya ijazah kalau punya ijazah palsu,@jokowi,1,1943232168949617141
1943232469114982620,Thu Jul 10 08:54:58 +0000 2025,selesai masalah ijazah sebut kalau kekeh sedia tongolin ijazah memang duga masalah biar ramai terus tiada akhir laku milik ijazah sebut duga timbul profesional kontra larut loh hingga 2024,"@keuangannews_id,@keuangan",2,1943232469114982620
1943232874267771388,Thu Jul 10 08:56:35 +0000 2025,jangan pernah redup wahai juang bongkar ijazah palsu jokopoak,@RIPDEMOKRASI,1,1943232874267771388
1943233074713772529,Thu Jul 10 08:57:23 +0000 2025,banjir dukung amat politis ahli pidana ahli tata negara indikasi duga cs ijazah benar bukti sejak awal jadi presiden adudomba rakyat nkri jahanam,"@DokterTifa,@SianiparRismon,@jokowi",3,1943233074713772529
1943233776210866189,Thu Jul 10 09:00:10 +0000 2025,busettt ijazah beres gen tua kaya gada kerja apa anjing kaya pentingggggggggggg bikin apake,@hiromi_setoo,1,1943233776210866189
1943233950358401528,Thu Jul 10 09:00:51 +0000 2025,makin kuat ijazah mul palsu,@arifbalikpapan1,1,1943233950358401528
1943234127827816869,Thu Jul 10 09:01:34 +0000 2025,jokowi punya uang bayar ratus acara bela mati saksi bohong aku teman satu angkat lah tempat kkn edit berita kr th bukti bayar spp jokowi takut kencing berani tunjukin ijazah kata asli,@STresnowati1,1,1943234127827816869
1943234347840213358,Thu Jul 10 09:02:26 +0000 2025,berat banget nunjukin ijazah kata aslisesusah seberhatha itu,@KompasTV,1,1943234347840213358
1943234435413086471,Thu Jul 10 09:02:47 +0000 2025,proses tara ijazah sangat lambat lihat kurang profesional terima kasih,@Kemdikdasmen,1,1943234435413086471
1943234589604090189,Thu Jul 10 09:03:24 +0000 2025,hukum bukti jokowi lapor pakai ijazah palsu bagai bukti serah polisi lama jokowi mampu tunjuk ijazah asli tuduh ijazah palsu adl benar kasus lanjut sidi,"@kartarahardja,@arifbalikpapan1",2,1943234589604090189
1943234616862880111,Thu Jul 10 09:03:30 +0000 2025,tahan ijazah karyawan jadi lampung lbh ansor minta kemnaker turun tangan minta menaker jajar turun langsung beri tindak tegas karang indah mall kim ungkap kamis,@elmoerif,1,1943234616862880111
1943234907993448910,Thu Jul 10 09:04:40 +0000 2025,tega adil adil adil juta mata rakyat indonedia lihat bohong bohong khianat salam t ijazah palsu,"@jokowi,@prabowo,@DPR_RI,@mprgoid,@DPDRI",5,1943234907993448910
1943235117230788734,Thu Jul 10 09:05:30 +0000 2025,bukan masalah bang ugm memang institusi wenang keluar ijazah luar konteks tanya publik sekarang bukti fisik ijazah sebut publik milik hak tanya dasar uu buka informasi,"@DedynurPalakka,@Ahmad692x,@UGMYogyakarta,@KenSavitri35075",4,1943235117230788734
1943235578692333823,Thu Jul 10 09:07:20 +0000 2025,sosok rektor bukan staff tu tukang sapu ijazah joko palsu indonesia tetap bahaya,@jokowi,1,1943235578692333823
1943235648946868399,Thu Jul 10 09:07:36 +0000 2025,si yaqub kalau bicara negara hukum negara hukum tuan halang proses hukum mau lihat ijazah asli sontoloyo,@msaid_didu,1,1943235648946868399
1943235969702126069,Thu Jul 10 09:08:53 +0000 2025,memang fakta sekarang gelar tinggi bukan jamin instan kerja lapang kerja makin kompetitif kadang cari bukan cuma ijazah skill relevan sama butuh pasar respect buat tetap kerja keras gengsi,@txtdrimedia,1,1943235969702126069
1943236223767842907,Thu Jul 10 09:09:53 +0000 2025,kalau ijazah benarbenar asli oleh cara benar buat apa sewa acara habis uang milyaran rupiah tutup status asli suatu ijazah,@geloraco,1,1943236223767842907
1943236378755764502,Thu Jul 10 09:10:30 +0000 2025,ijazah asli darimana tunjuk kalau palsu,@rmol_id,1,1943236378755764502
1943236877370429753,Thu Jul 10 09:12:29 +0000 2025,ijazah palsu buat pramuka pojok,"@keuangannews_id,@keuangan",2,1943236877370429753
1943236982747939180,Thu Jul 10 09:12:54 +0000 2025,catat buat juta mata lihat kasus ijazah palsu kalian jabat jangan ikut jadi kecut jadi khianat rakyat,"@prabowo,@DPR_RI,@mprgoid,@DPDRI,@jokowi,@univ_indonesia,@UGMYogyakarta,@trisakti_,@itbofficial,@Unair_Official,@undip",11,1943236982747939180
1943236989652009304,Thu Jul 10 09:12:56 +0000 2025,buat video donald trump kata bebas bea masuk indonesia jokowi mau tunjuk ijazah asli,"@AdamVelcro,@grok",2,1943236989652009304
1943237108950254070,Thu Jul 10 09:13:25 +0000 2025,sungguh ijazah asli alias punya ijazah,"@keuangannews_id,@keuangan",2,1943237108950254070
1943237207470542864,Thu Jul 10 09:13:48 +0000 2025,percaya sama ijazah jokowi asli cuma golong projo termul psi,"@Sosmed4Fun,@y91280,@tvOneNews,@YakupH",4,1943237207470542864
1943237498811093296,Thu Jul 10 09:14:57 +0000 2025,mau tunjuk manusia busuk percaya bahwasanya ijazah pak jokowi aslimodelan manusia masalah ijasah pak jokowi tahu kotor dekat dipegangeh kotor rupa begitu kira,@rmol_id,1,1943237498811093296
1943237524538654803,Thu Jul 10 09:15:04 +0000 2025,pengkihianat juta rakyat lihat kasus ijazah palsu cc jabat jangan ikut jadi khianat,"@Muslim_AntiPKI9,@jokowi,@jokowi,@prabowo,@DPR_RI,@mprgoid,@DPDRI",7,1943237524538654803
1943237703954227220,Thu Jul 10 09:15:46 +0000 2025,bukan jilat balas jasa buat ijazah palsu bukan,"@79Hasrudin,@Srik4ndiMuslim2",2,1943237703954227220
1943237729761874063,Thu Jul 10 09:15:53 +0000 2025,memang g ijazah asli mau tunjuk apa ada palsu,@ommi_siregar,1,1943237729761874063
1943237751429845353,Thu Jul 10 09:15:58 +0000 2025,tinggal jujur saja aku punya ijazah asli ribet jokowi,@kompascom,1,1943237751429845353
1943237756676891084,Thu Jul 10 09:15:59 +0000 2025,menang telak menang tunjuk bukti ijazah asli prestasi jokowi benar khass jalur orang kuasa,"@kusuma12197,@SianiparRismon",2,1943237756676891084
1943238090954543466,Thu Jul 10 09:17:19 +0000 2025,langsung penjara tahu siapa tipu soal ijazah inigak punya kok aku punya,@anfarizzat,1,1943238090954543466
1943238113591202046,Thu Jul 10 09:17:24 +0000 2025,hasil kasih ijazah palsu imbal hehehe bikin ijazah palsu konon ss palsu profesor palsu ijazah cetak mandiri ekonomi kreatif,"@Akang_Tonny,@Srik4ndiMuslim2",2,1943238113591202046
1943238304645931207,Thu Jul 10 09:18:10 +0000 2025,ku duga ijazah palsu,"@AnKiiim_,@jokowi,@UGMYogyakarta",3,1943238304645931207
1943238642740400236,Thu Jul 10 09:19:30 +0000 2025,nyata pernah punya presiden ijazah palsu,@kompascom,1,1943238642740400236
1943239021699735802,Thu Jul 10 09:21:01 +0000 2025,ijazah ghoib ledak,"@abu_waras,@jonirasmanto432",2,1943239021699735802
1943239329939140680,Thu Jul 10 09:22:14 +0000 2025,bukan roy suryono gagal bukti tuding ijazah palsu pihak acara jokowi tunjuk ijazah asli nya memang ijazah,@DarsAlexandra1,1,1943239329939140680
1943245161171161233,Thu Jul 10 09:45:24 +0000 2025,riuh kait ijazah palsu palsucukup sita perhati publik etape hidup proyek fiktif penggelumbungan dana apbn serobot lahan warga proyek abang roti polemik makan gratis butuh dana tambah iup tambang bermasalahdll telanjang jadi,@bangherwin,1,1943245161171161233
1943245371024773427,Thu Jul 10 09:46:14 +0000 2025,kalu mau nunjukin ijazah iya jenazah asliiii orang indonesia maaf kok,@msaid_didu,1,1943245371024773427
1943245646133076355,Thu Jul 10 09:47:20 +0000 2025,kurang kalau cuma sebut tolol harus tipu bodoh uang korban hormat anak istri segala cara lindung ijazah palsu jokowi hai yakup hasibuan apa malu sama sodaramu sama anak sama istri buat tolol imi,"@BelengBeleng687,@el4n9bint4n9",2,1943245646133076355
1943245674532774249,Thu Jul 10 09:47:27 +0000 2025,something wrong sama dokumen ijazah pegang jokowi berani tunjuk,@KompasTV,1,1943245674532774249
1943245862697615408,Thu Jul 10 09:48:12 +0000 2025,mohon benah sistem tara ijazah sangat lambat amp lihat kurang profesional bapak menteri,"@Metro_TV,@Kemdikdasmen,@Abe_Mukti",3,1943245862697615408
1943246126058184936,Thu Jul 10 09:49:14 +0000 2025,foto ijazah edit photoshop,@lafairytaale,1,1943246126058184936
1943246223001161918,Thu Jul 10 09:49:37 +0000 2025,palsu surat dahlan iskan langsung jadi sangka mlh duga kuat palsu ijazah bulan larut jelas kss hukum suram,@alisyarief,1,1943246223001161918
1943246362247860681,Thu Jul 10 09:50:11 +0000 2025,alumni ugm gerak tuntut tempo jam tunjuk ijazah asli takut keos negara ah suka rayu kalau memang jokowi pernah kuliah ugm beliau punya bangga sama sekali atas apa terima ugm ijazah memang palsu,@jokowi,1,1943246362247860681
1943246446389793134,Thu Jul 10 09:50:31 +0000 2025,cara bukti pergi ugm bukan minta tunjuk ijazah orang kamu siapa nyuruh orang tunjuk ijazah,@msaid_didu,1,1943246446389793134
1943246474948809172,Thu Jul 10 09:50:38 +0000 2025,kuasa hukum jokowi rasa malaikat hukum makin tunjuk ijazah jokowi universitas pengkol pramuka,@democrazymedia,1,1943246474948809172
1943246782697537641,Thu Jul 10 09:51:51 +0000 2025,jokowi perlu tunjuk ijazah asli cukup terbit ugm klarifikasi beres,"@pri_rakhman,@msaid_didu",2,1943246782697537641
1943246889966534870,Thu Jul 10 09:52:17 +0000 2025,bukan enggan memang punya ijazah asli mah,@tempodotco,1,1943246889966534870
1943247024570405371,Thu Jul 10 09:52:49 +0000 2025,barang bukti ijazah jokowi pernah publik nitizen cerdas sepele kok buat ruwet pakai aparat acara buzzer biaya sedikit,@tvOneNews,1,1943247024570405371
1943247223204294955,Thu Jul 10 09:53:36 +0000 2025,salah ijazah tunjuk bolakbalik cuma otak seperti lambat siuman,"@Ahmad692x,@jokowi",2,1943247223204294955
1943247227432165764,Thu Jul 10 09:53:37 +0000 2025,banyak bicara bosokkk bilang ijazah asli palsu,@tempodotco,1,1943247227432165764
1943247262294941716,Thu Jul 10 09:53:45 +0000 2025,kalau ijazah kalian tunjuk pengaruh masalah pernah jadi jabat bukti asli kalau bodoh jangan lah kalian ngajak,"@golden_chi80916,@rmol_id",2,1943247262294941716
1943257314837823930,Thu Jul 10 10:33:42 +0000 2025,butuh ijazah,@dammas_reyhand,1,1943257314837823930
1943257333645336765,Thu Jul 10 10:33:46 +0000 2025,efek ijazah pak bambang tri rampas bebas lalu bukti mudah minta akhir,"@gilang_ahm31272,@AbdHali59646742,@jokowi",3,1943257333645336765
1943257544245547391,Thu Jul 10 10:34:37 +0000 2025,bp tom lembong bebas kalau jadi balik arti hukum kiamat negri jadi pn solo bukti ijazah asli palsu susah,"@YasmineMirzha,@aniesbaswedan",2,1943257544245547391
1943257811271717031,Thu Jul 10 10:35:40 +0000 2025,ijazah jokowi palsu,"@CNNIndonesia,@grok",2,1943257811271717031
1943258041266413689,Thu Jul 10 10:36:35 +0000 2025,ijazah masalah sepele kalau benar kuliah tamat ijazah bukan rahasia negarapribadi tampil depan umum jabat mantan jabat publik ijazah bung hatta pajang rotterdam university ugm pajang ijazah,"@arifbalikpapan1,@jokowi",2,1943258041266413689
1943258147357102357,Thu Jul 10 10:37:00 +0000 2025,ijazah masalah sepele kalau benar kuliah tamat ijazah bukan rahasia negarapribadi tampil depan umum jabat mantan jabat publik ijazah bung hatta pajang rotterdam university ugm pajang ijazah,@jokowi,1,1943258147357102357
1943258224561713497,Thu Jul 10 10:37:19 +0000 2025,kuliah gimn mau nunjukkin ijazah nye,"@keuangannews_id,@keuangan",2,1943258224561713497
1943258224846868588,Thu Jul 10 10:37:19 +0000 2025,coba tanya adi aai ikadin kalau mau masuk jadi anggota baru tunjuk ijazah asli,@V3g3L,1,1943258224846868588
1943258254639010168,Thu Jul 10 10:37:26 +0000 2025,ijazah jahat kelamin jokowi asli alias palsu kuasa hukum jokowi jngan lawan jujur kbenaran dn adil,@democrazymedia,1,1943258254639010168
1943258476584800354,Thu Jul 10 10:38:19 +0000 2025,partai politik kok bisa amp tega beri rakyat presiden jokowi wapres gibran punya ijazah sama terlalu rakyat hukum partai partai segera sadar salah lambat,@_bemsi,1,1943258476584800354
1943258560315691363,Thu Jul 10 10:38:39 +0000 2025,awal aku kerja aku pernah mau nerapin sih berkas penting soal kali aku nolak usaha mau nahan ijazah ku,@parkkk_nchimm,1,1943258560315691363
1943258606234689639,Thu Jul 10 10:38:50 +0000 2025,orang punya ijazah palsu lalu nyewa acara ahli hukum si acara cukup kata ijazah asli perlu debat selesai masalah,@democrazymedia,1,1943258606234689639
1943258653697749047,Thu Jul 10 10:39:01 +0000 2025,makin yakin ijazah jokowi asli palsu,@tvOneNews,1,1943258653697749047
1943260486067458469,Thu Jul 10 10:46:18 +0000 2025,cara buktikann benar tunjuk asli ijazah ugm jokowi klau tunjuk arti palsu acara bela nya apa memang tahu sesunggunya,@msaid_didu,1,1943260486067458469
1943260737708888545,Thu Jul 10 10:47:18 +0000 2025,fokus soal ijazah amp skripsi dulu iya bu dokterkrn mulai ungkap identitas jokowi benar seperti bukan ijazah skripsi nya palsu identitas lebih palsu jahat kelamin waspada waspada,@DokterTifa,1,1943260737708888545
1943260753810915521,Thu Jul 10 10:47:22 +0000 2025,jadi jokowi lebih baik tunjuk terong sunat apa tunjuk ijazah asli,"@evalez_fr,@keuangannews_id,@keuangan",3,1943260753810915521
1943260793900011911,Thu Jul 10 10:47:31 +0000 2025,lhahhhahakau mampu tunjuk kalau ijazah jokowi asli,@tvOneNews,1,1943260793900011911
1943260837059362925,Thu Jul 10 10:47:42 +0000 2025,clear fakta kalau ijazah bodong prnah kuliah,"@MulkisPohan,@anfarizzat,@jokowi",3,1943260837059362925
1943260874850103576,Thu Jul 10 10:47:51 +0000 2025,kalian bagi tokoh sang cerah gas pol ijazah palsu jokowi kiamat juta rakyat dukung ingat fakta nyata polisi milik jokowi bukan milik rakyat juta,@ArdieSuhardi321,1,1943260874850103576
1943261044979216469,Thu Jul 10 10:48:31 +0000 2025,brengsek pakai ijazah palsu mana jurus tekhnologi kayu,"@PoltakSitinja18,@DokterTifa,@UGMYogyakarta",3,1943261044979216469
1943261193579434446,Thu Jul 10 10:49:07 +0000 2025,harus tuduh punya ijazah bahkan benar kali iya,@DarsAlexandra1,1,1943261193579434446
1943261240815685744,Thu Jul 10 10:49:18 +0000 2025,justru postingan nyindir orang mmprmslhkan ijazah jkw masak paham sih muncul mandi asal nunjukin ijazah jkw rasa iya sindir,"@Kingcube12,@hiromi_setoo",2,1943261240815685744
1943261547943305281,Thu Jul 10 10:50:31 +0000 2025,acara apa ijazah asli jokowi lihat,@msaid_didu,1,1943261547943305281
1943261609725477351,Thu Jul 10 10:50:46 +0000 2025,bukan mobil gaib esemka ijazah gaib siapa percaya,@democrazymedia,1,1943261609725477351
1943261661319598100,Thu Jul 10 10:50:58 +0000 2025,gas pol ijazah jokowi hari kiamat juta rakyat dukung wahai tokoh sang pencerahingat polisi milik jokowi bukan milik rakyat juta fakta nyata,@PngAdilnR4kyt,1,1943261661319598100
1943261770665316370,Thu Jul 10 10:51:24 +0000 2025,jokowi cundang tipu juta rakyat indonesia dapat fasilitas vvip lama 2024 sekarang guna ijazah palsu lihat waris jokowi miskin permanen korupsi anggur rajalela,@rmol_id,1,1943261770665316370
1943263704444707141,Thu Jul 10 10:59:05 +0000 2025,bikin ribet sendiri rakyat makin banyak percaya ijazah palsu,@AmaluddinSSili1,1,1943263704444707141
1943263740398276731,Thu Jul 10 10:59:14 +0000 2025,segera tuntas perkara ijazah tuduh palsu,@tham878,1,1943263740398276731
1943263877799776659,Thu Jul 10 10:59:47 +0000 2025,balik orang jahat palsu ijazah bohong jadi pimpin,@yaniarsim,1,1943263877799776659
1943264258239905861,Thu Jul 10 11:01:17 +0000 2025,kadang masalah ijazah jokowi ajar tolol idiot tahu mahal jugasama ajar biar paham ilmu dunia jelas sekali bacaijazah asli palsuitu barang lihat masalah cuma satu soal malu tahu,"@MariaAlkaff_,@EmbunFajar90",2,1943264258239905861
1943264375688826892,Thu Jul 10 11:01:45 +0000 2025,gas pol ijazah palsu jokowi hari kiamat rakyat juta dukung wahai tokoh sang cerah ingat fakta nyata polisi milik jokowi bukan milik rakyat juta salam pramuka prok prok prok,@AiraNtieReal,1,1943264375688826892
1943264749384536463,Thu Jul 10 11:03:15 +0000 2025,buset tinggal unjukin ijazah asli gampang bangettt aku kalau suruh unjukin ijazah fe unpad ku banget bangga bahkan cuma ibu rumahtgga tanya,@democrazymedia,1,1943264749384536463
1943264835296428261,Thu Jul 10 11:03:35 +0000 2025,janganterus muncul ijazah asli muncul muka,@anfarizzat,1,1943264835296428261
1943264912362672483,Thu Jul 10 11:03:53 +0000 2025,serah cecunguk cecunguk jokowi sudah kibar bendera putih aku ijazah sebut palsu,@geloraco,1,1943264912362672483
1943264960865542226,Thu Jul 10 11:04:05 +0000 2025,kompolnas ungkap apa jadi gelar perkara khusus ijazah lalu,@YouTube,1,1943264960865542226
1943265251606380932,Thu Jul 10 11:05:14 +0000 2025,kayak beres urus ijazah,@WatchmenID,1,1943265251606380932
1943265496939532514,Thu Jul 10 11:06:13 +0000 2025,lihat poto dengar ketut cuma suara bau ijazah kata asli,@Muslim_AntiPKI9,1,1943265496939532514
1943267391124967499,Thu Jul 10 11:13:44 +0000 2025,ijazah asli mana kontol,@tvOneNews,1,1943267391124967499
1943267468518310305,Thu Jul 10 11:14:03 +0000 2025,tv berita lanjut berita ijazah hadehh,@kailovies,1,1943267468518310305
1943267842528535015,Thu Jul 10 11:15:32 +0000 2025,coba tisik ijazah asli mungkin hilang baca situasi hingga larut analis lama jadi ijazah buat pasar pramuka bukan asli,"@kusuma12197,@SianiparRismon",2,1943267842528535015
1943267990201422089,Thu Jul 10 11:16:07 +0000 2025,bukti mula cukup mulai skripsi pak kasmojeo catut dosen bimbing nyata mem bantah kalau memang punya asli ijazah pegang milik orang minta bukti kiamat kurang hari bakal,@DedynurPalakka,1,1943267990201422089
1943268011118596113,Thu Jul 10 11:16:12 +0000 2025,lebih baik bawa ijazah deh kalau kamu tentu pakai foto minta sekali versi foto nyaa,@snaccysan,1,1943268011118596113
1943268127594152172,Thu Jul 10 11:16:40 +0000 2025,acara joko widodo sportif jangan asal bunyi bukti tuduh pengadilan serah ijazah asli joko widodo periksa lembaga independen,@OposisiCerdas,1,1943268127594152172
1943268400207425941,Thu Jul 10 11:17:45 +0000 2025,termul bilang apa penting nunjukin ijazah lha kalau punya ijazah asli apa susah nunjukin berani nunjukin apa nya,@arifbalikpapan1,1,1943268400207425941
1943268403319566339,Thu Jul 10 11:17:46 +0000 2025,memang anak perlu sekolah tinggal beli ijazah,"@brigitta_hadid,@great_fleet",2,1943268403319566339
1943268585595637914,Thu Jul 10 11:18:29 +0000 2025,bukti asli cuma lewat narasi bukan dng lihat ijazah nya kata asli,@RagilSemar,1,1943268585595637914
1943268612468543565,Thu Jul 10 11:18:36 +0000 2025,bukti apa coba ijsahkan lama mau mnunjukan makanya roy suryo cs gentayang ksana ksini pasti semua semua trjawab kalau ijasah asli palsu jokowi punya ijazah alibi jokowi mnunjuknya jokowi ko mampus,"@ca321abbd90a434,@arifbalikpapan1",2,1943268612468543565
1943268840332534119,Thu Jul 10 11:19:30 +0000 2025,ribet timbang nunjukin ijazah nya,@arifbalikpapan1,1,1943268840332534119
1943268869558374445,Thu Jul 10 11:19:37 +0000 2025,pn solo kabul eksepsi jokowi gugatan layang tipu ugm soal ijazah jokowi gugur lalu,@tribunnews,1,1943268869558374445
1943268941696242096,Thu Jul 10 11:19:54 +0000 2025,dapat isu sperti raja ampat gibran menteri mafia pik lain msih kalah ijazah palsu jokowi jokowi main villain jadi perlu serang terus,@bangherwin,1,1943268941696242096
1943269323776381266,Thu Jul 10 11:21:25 +0000 2025,apa mau ditunjukin memang punya ijazah awokawokawok sudaah beluuum,@arifbalikpapan1,1,1943269323776381266
1943269405833728084,Thu Jul 10 11:21:45 +0000 2025,lanjut pak ijazah asli serah polisi teliti ahli independen,"@Alfakir2770,@OposisiCerdas",2,1943269405833728084
1943269422115779036,Thu Jul 10 11:21:49 +0000 2025,polisi mustinya sadar warga negara tanya ijazah jokowi asli palsu 2024 jokowi biaya uang pajak kelola anggar ribu trilyun iya wajar kan iya tinggal tunjukin kalau punya jokowi orang jaja topeng set keliling,@mulanbilqis,1,1943269422115779036
1943269575694651633,Thu Jul 10 11:22:25 +0000 2025,uu baru hakim larang tunjuk ijazah asli jokowi fisik kalau ijazah,@jackcfrost,1,1943269575694651633
1943269604517925125,Thu Jul 10 11:22:32 +0000 2025,ditunjukin ijazah wong palsu,@abu_waras,1,1943269604517925125
1943269676014014500,Thu Jul 10 11:22:49 +0000 2025,mjb kak beneran yaa kejar paket c walaupun ijazah,"@masagus56557279,@Hayacbusa",2,1943269676014014500
1943269896764146045,Thu Jul 10 11:23:42 +0000 2025,aku semua nyamain ijazah akhir tertawa,@anoyweirdie,1,1943269896764146045
1943270418317492681,Thu Jul 10 11:25:46 +0000 2025,apa beda ijazahnikak periksa memang wujud ghoib bahkan kalau setan tanya tunjuk saking ghoibnya,@DS_yantie,1,1943270418317492681
1943270780940489175,Thu Jul 10 11:27:13 +0000 2025,acara bodoh kamu tunjukkin dulu ijazah asli baru kamu klaim roy cs gagal kalau ngelawak lucu iya,@msaid_didu,1,1943270780940489175
1943270783553540336,Thu Jul 10 11:27:13 +0000 2025,kasihan iya banyak rakyat bodoh percaya ijazah palsu jokowihanya mulut rismon roysuryo,@04_zainal,1,1943270783553540336
1943270842928107598,Thu Jul 10 11:27:27 +0000 2025,yaquin haquol yaquin polisi repablik of indonesia benar percaya kalau ijazah palsu beban jasa jokowi sangat besar jadi kasus mudah buat ribet tele tele iya,"@jokowi,@DivHumas_Polri,@prabowo,@SBYudhoyono,@ListyoSigitP",5,1943270842928107598
1943271147107201267,Thu Jul 10 11:28:40 +0000 2025,konteks komentar atas sarjana manfaat ijazah pintar dapat hasil layak sesuai didik lalu sedang apa sekolah sd kuliah kalau ujung penting kerja kasihan orang tua keluarin biaya,"@ysfwifee,@Mdy_Asmara1701",2,1943271147107201267
1943271172973695139,Thu Jul 10 11:28:46 +0000 2025,ijazah diri sendiri kelen anggap nabi,@DedynurPalakka,1,1943271172973695139
1943271514842735032,Thu Jul 10 11:30:08 +0000 2025,gugur gugatan ijazah jokowi lalu,@tribunnews,1,1943271514842735032
1943271757714239750,Thu Jul 10 11:31:05 +0000 2025,sih rawat ibu yaaah walaupun tahan ijazah,@worksfess,1,1943271757714239750
1943271855789613232,Thu Jul 10 11:31:29 +0000 2025,kasus ijazah jokowi sbtlnya rumit rumit jokowi,@tvOneNews,1,1943271855789613232
1943271953068101640,Thu Jul 10 11:31:52 +0000 2025,cuma tinggal nunjukin ijazah asli ngejelimet woyyy,@anfarizzat,1,1943271953068101640
1943272041249149419,Thu Jul 10 11:32:13 +0000 2025,sedih banget kerja ijazah tahan,@hey_kama,1,1943272041249149419
1943272261768876452,Thu Jul 10 11:33:06 +0000 2025,susah lawan orang kaya aman ijazah palsu konon rela keluar triliun jabat anak aman diri keluarga geng solo,@MayaA62580468,1,1943272261768876452
1943272275333255193,Thu Jul 10 11:33:09 +0000 2025,bahkan mirip foto ijazah,"@yaniarsim,@jokowi",2,1943272275333255193
1943272295163953293,Thu Jul 10 11:33:14 +0000 2025,terlalu tele akibat jujuradil amanah tinggal lihat ijazah asli urus kelar alias rumit,@tvOneNews,1,1943272295163953293
1943274630866964551,Thu Jul 10 11:42:30 +0000 2025,kalau bilang asli seperti orang pernah kuliah guru tinggi konvensional sarjana percaya kalau jokowi punya ijazah asli ijazah jokowi mahal meski legal butuh bayar acara buzer bocah nekat geng sop lain,@CNNIndonesia,1,1943274630866964551
1943274788044312722,Thu Jul 10 11:43:08 +0000 2025,full ito sumardi serang roy suryo teliti mana ijazah a lalu,@YouTube,1,1943274788044312722
1943274897884746085,Thu Jul 10 11:43:34 +0000 2025,ijazah paiman apa selidik,@alisyarief,1,1943274897884746085
1943274998321549640,Thu Jul 10 11:43:58 +0000 2025,kalau soal iman percaya allah swtklo soal ijazah jokowi lain percaya roy suryo kawan,@geloraco,1,1943274998321549640
1943275002146754636,Thu Jul 10 11:43:59 +0000 2025,cuma indonesia lho ijazah palsu makan korban,@alisyarief,1,1943275002146754636
1943275036372078615,Thu Jul 10 11:44:07 +0000 2025,ijazah asli pernah tunjuk beliau memang ngk punya ijzah asli bicara fakta kader psi dusta,"@DedynurPalakka,@Ahmad692x,@jokowi",3,1943275036372078615
1943275041933922461,Thu Jul 10 11:44:08 +0000 2025,apa mau tunjuk memang punya ijazah asli koplaaaak,"@keuangannews_id,@keuangan",2,1943275041933922461
1943275181507776867,Thu Jul 10 11:44:42 +0000 2025,semuarakyat warass hati tauklo ijazahbangkee anjingg jokowipalsu,@tvOneNews,1,1943275181507776867
1943275217155137913,Thu Jul 10 11:44:50 +0000 2025,buat sen ijazah iya,"@mahendrop,@Goo9le_Fiv3",2,1943275217155137913
1943275257852240178,Thu Jul 10 11:45:00 +0000 2025,komisi polisi nasional kompolnas minta bareskrim polri segera umum hasil gelar perkara khusus kasus duga ijazah palsu presiden ri mewantiwanti harap simpul jangan terlalu lama umum satu proses,@jokowi,1,1943275257852240178
1943275444633244081,Thu Jul 10 11:45:44 +0000 2025,jokowi menang gugatan ijazah palsu gugur hakim pn surakarta nyata lalu,@YouTube,1,1943275444633244081
1943275470927335833,Thu Jul 10 11:45:51 +0000 2025,ijazah ghoib pakai sajen dulu,"@Ronnie_Rusli,@keuangannews_id,@keuangan",3,1943275470927335833
1943275765367476497,Thu Jul 10 11:47:01 +0000 2025,nomor ijazah yakin masa cuma,@Gendoet3G,1,1943275765367476497
1943276253534179391,Thu Jul 10 11:48:57 +0000 2025,ijazah nya ghoib,@CNNIndonesia,1,1943276253534179391
1943276294298571031,Thu Jul 10 11:49:07 +0000 2025,termul ilmu pernah lihat ijazah asli si yakin ijazah asli ilmu punya lihat pernah kan tolol nama,"@PoltakSitinja18,@DokterTifa,@jokowi",3,1943276294298571031
1943276442357514751,Thu Jul 10 11:49:42 +0000 2025,tertawa hai si cebong termul makin panik takut ikut hukum modyar bareng jokowi ijazah palsu mampuz kamu bong,"@Wonky_Togallo,@tempodotco,@fufufafagila,@damaz_james,@Wonky_Togallo",5,1943276442357514751
1943276517892690331,Thu Jul 10 11:50:00 +0000 2025,tertawa hai si cebong termul makin panik takut ikut hukum modyar bareng jokowi ijazah palsu mampuz kamu bong,"@Wonky_Togallo,@Bambangmulyonoo,@feroferraferri,@KRMTRoySuryo2,@damaz_james,@Wonky_Togallo",6,1943276517892690331
1943276547223253394,Thu Jul 10 11:50:07 +0000 2025,tertawa hai si cebong termul makin panik takut ikut hukum modyar bareng jokowi ijazah palsu mampuz kamu bong,"@Wonky_Togallo,@ArtaN7707,@ganjarpranowo,@damaz_james,@fufufafagila,@Wonky_Togallo",6,1943276547223253394
1943276574352248878,Thu Jul 10 11:50:14 +0000 2025,tertawa hai si cebong termul makin panik takut ikut hukum modyar bareng jokowi ijazah palsu mampuz kamu bong,"@Wonky_Togallo,@demokrasi_ruwet,@Bams_4GP,@aniesbaswedan,@damaz_james,@Wonky_Togallo",6,1943276574352248878
1943276593163702668,Thu Jul 10 11:50:18 +0000 2025,tertawa hai si cebong termul makin panik takut ikut hukum modyar bareng jokowi ijazah palsu mampuz kamu bong,"@Wonky_Togallo,@DermagaGarely,@Bams_4GP,@aniesbaswedan,@NasDem,@damaz_james,@Wonky_Togallo",7,1943276593163702668
1943276613090832678,Thu Jul 10 11:50:23 +0000 2025,tertawa hai si cebong termul makin panik takut ikut hukum modyar bareng jokowi ijazah palsu mampuz kamu bong,"@Wonky_Togallo,@Bams_4GP,@Opposite6888,@aniesbaswedan,@NasDem,@damaz_james,@Wonky_Togallo",7,1943276613090832678
1943276630895693984,Thu Jul 10 11:50:27 +0000 2025,tertawa hai si cebong termul makin panik takut ikut hukum modyar bareng jokowi ijazah palsu mampuz kamu bong,"@Wonky_Togallo,@MasBRO_back,@rockygerung,@faizalassegaf,@damaz_james,@Wonky_Togallo",6,1943276630895693984
1943276648406880567,Thu Jul 10 11:50:31 +0000 2025,tertawa hai si cebong termul makin panik takut ikut hukum modyar bareng jokowi ijazah palsu mampuz kamu bong,"@Wonky_Togallo,@Loveinloveyz,@JamalBoegis,@damaz_james,@Wonky_Togallo",5,1943276648406880567
1943276670380839295,Thu Jul 10 11:50:37 +0000 2025,tertawa hai si cebong termul makin panik takut ikut hukum modyar bareng jokowi ijazah palsu mampuz kamu bong,"@Wonky_Togallo,@HariDarson10554,@Suchie_22,@JamalBoegis,@KAMID82650678,@damaz_james,@Wonky_Togallo",7,1943276670380839295
1943276690886758572,Thu Jul 10 11:50:42 +0000 2025,tertawa hai si cebong termul makin panik takut ikut hukum modyar bareng jokowi ijazah palsu mampuz kamu bong,"@Wonky_Togallo,@olink1978,@JamalBoegis,@damaz_james,@Wonky_Togallo",5,1943276690886758572
1943276710373528044,Thu Jul 10 11:50:46 +0000 2025,tertawa hai si cebong termul makin panik takut ikut hukum modyar bareng jokowi ijazah palsu mampuz kamu bong,"@Wonky_Togallo,@JamalBoegis,@choymarkochoy_,@damaz_james,@Wonky_Togallo",5,1943276710373528044
1943276828661289184,Thu Jul 10 11:51:14 +0000 2025,klu tuding ijazah palsu sungguh tolol pakai lawyer buzer preman tunjukin ijazah asli gugat balik baru pakai lawyer,@RagilSemar,1,1943276828661289184
1943276988485243132,Thu Jul 10 11:51:53 +0000 2025,kalau jokowi jadi presiden ijazah palsu pantas bilang indonesia banyak akademisi birokrat modal ijazah palsu wajar kalau negara rusak,@DokterTifa,1,1943276988485243132
1943277156672639270,Thu Jul 10 11:52:33 +0000 2025,bilang asli ugm sendiri bukti kalau ijazah si kurap asli justru balik roy kawan punya bukti tu ijazah palsu pilih bukti dar ucap kalau bukti palsu buanyak bngt kalau bukti asli biji cuma ucap ugm,"@masreyhaan,@kompascom",2,1943277156672639270
1943277438353756275,Thu Jul 10 11:53:40 +0000 2025,bukan kooperatif punya bukti punya ijazah aslijadi susah kooperatif,@arifbalikpapan1,1,1943277438353756275
1943277585892552774,Thu Jul 10 11:54:15 +0000 2025,jangan tanya apa jelas jokowi takut bukti kirim memang ijazah palsu kalau ijazah asli takut,@arifbalikpapan1,1,1943277585892552774
1943277611259707648,Thu Jul 10 11:54:21 +0000 2025,ijazah bukti palsu palsu rasa percaya lama tukar legalitas loyalitas ibuibu sen kiri belok kanan tahu salah tetap gas biasa,@msaid_didu,1,1943277611259707648
1943277667735998704,Thu Jul 10 11:54:34 +0000 2025,padahal jelas beberapa waktu lalu bu megawati pernah sindir polemik duga ijazah jokowi palsu buat gaduh ruang publik kalau memang betul kasih ijazah asli bukan fotongopinya,"@masreyhaan,@kompascom",2,1943277667735998704
1943277788183826443,Thu Jul 10 11:55:03 +0000 2025,bikin ribet iya si milik ijazah apa susah nya sih tinggal lihat ijazah asli langsung beres kan,"@masreyhaan,@kompascom",2,1943277788183826443
1943277801106440436,Thu Jul 10 11:55:06 +0000 2025,tunggu bain sm kuasa sekarang turun bela dipake powernya tom lembong jelas salah jaksa nuntut pokok hukum pakai jurus pokok nya nah kasus ijazah pokok asli peduli semua fakta rakyat mau diam,"@DermagaGarely,@AdamVelcro",2,1943277801106440436
1943277884405362809,Thu Jul 10 11:55:26 +0000 2025,memang mau tunjuk barang ghaib nama esemka pernah muncul ijazahjika tega hukum indonesia tegak diri depan adil adil jokowi lah jalan buka nya,"@keuangannews_id,@keuangan",2,1943277884405362809
1943277985089634336,Thu Jul 10 11:55:50 +0000 2025,memang jokonthol cuma beli ijazah ber stempel ugm buat pasar pramuka,@Ari3Ghozi,1,1943277985089634336
1943278006384103777,Thu Jul 10 11:55:55 +0000 2025,mantap pak jokowi tunjuk ijazah asli tuntut balik dong pak jokowi,@tham878,1,1943278006384103777
1943278014709797208,Thu Jul 10 11:55:57 +0000 2025,serah tunjuk asli pasti ijazah sebut palsu,"@mas_kenarok,@OposisiCerdas",2,1943278014709797208
1943278140928987283,Thu Jul 10 11:56:27 +0000 2025,mantap tertawa hai si cebong termul makin panik takut ikut hukum modyar bareng jokowi ijazah palsu mampuz kamu bong,"@AnKiiim_,@jokowi,@UGMYogyakarta,@Wonky_Togallo",4,1943278140928987283
1943278190837010848,Thu Jul 10 11:56:39 +0000 2025,ijazah jokowi mobil goib,"@keuangannews_id,@keuangan",2,1943278190837010848
1943278528138743933,Thu Jul 10 11:58:00 +0000 2025,kalau memang negara hukum takut bukti publik ijazah asli nya masyarakat jangan gadu kalau pernah bukti smpe kapan jangan kan roy suryo kawan masyarakat yakin,@detikcom,1,1943278528138743933
1943278545553494393,Thu Jul 10 11:58:04 +0000 2025,palsu ijazah kriminal wok,"@Ary_LFC,@RagilSemar",2,1943278545553494393
1943278902581039487,Thu Jul 10 11:59:29 +0000 2025,sedang apa percaya sama nunjukin ijazah asli cuma banyak bicara wkwkwk,@V3g3L,1,1943278902581039487
1943279003072176361,Thu Jul 10 11:59:53 +0000 2025,tunjuk ijazah aslinyaberes to,"@AnsarManan71,@tvOneNews",2,1943279003072176361
1943279192134820139,Thu Jul 10 12:00:38 +0000 2025,pmilik ijazah palsu kapan bui tunggu kurap hilang,@alisyarief,1,1943279192134820139
1943279244093854148,Thu Jul 10 12:00:50 +0000 2025,lahlu kmn salam 2024 tong kok tahu berita kasus lama muncul sejak mul menjabattuh bambang tri masuk bui gara ijazah palsu mental juang berani tantang kuasa bukan mental cundang kamu tidur sono biar mimpi ktemu abu janda,"@AndPaul008,@DokterTifa",2,1943279244093854148
1943279336758329374,Thu Jul 10 12:01:12 +0000 2025,jangan mau kalau nahan ijazah,@parkkk_nchimm,1,1943279336758329374
1943279347898683630,Thu Jul 10 12:01:15 +0000 2025,yakin sesal kalau ringkuk penjara apa guna serang hormat orang fitnah tuduh ijazah palsu sama sekali pernah sentuh lihat ijazah asli jokowi arti tuduh hayalan semata,@bengkeldodo,1,1943279347898683630
1943279448138141759,Thu Jul 10 12:01:39 +0000 2025,kalau tempat mpls jadi syarat wajib lulus kalau ikut ijazah tahan kata,@fathurrayyannn,1,1943279448138141759
1943279517621195060,Thu Jul 10 12:01:56 +0000 2025,ijazah broo,@lushiooooo,1,1943279517621195060
1943279594620244184,Thu Jul 10 12:02:14 +0000 2025,maju terus pantang mundur bukti ijazah palsu jokowi pintu masuk ungkap semua jahat jokowi kroni sedang langsung kalau halang seluruh rakyat indonesia gerak sama,@DokterTifa,1,1943279594620244184
1943280115460509955,Thu Jul 10 12:04:18 +0000 2025,astaga sumpah apa sih susah beri lihat ijazah,@geloraco,1,1943280115460509955
1943280149920698481,Thu Jul 10 12:04:26 +0000 2025,go block si jokowi ijazah palsu kan komennya jelas dong,"@kangngabei,@AnKiiim_,@jokowi,@UGMYogyakarta",4,1943280149920698481
1943280237393154457,Thu Jul 10 12:04:47 +0000 2025,perlu metode ilmiah cukup hati nurani ijazah jokowi palsu,@DokterTifa,1,1943280237393154457
1943280327197401535,Thu Jul 10 12:05:09 +0000 2025,putus sela bunyi pn solo wenang adil perkara ijazah palsu mukidi nomor terus,@CarolineSarah5,1,1943280327197401535
1943280442813428117,Thu Jul 10 12:05:36 +0000 2025,padahal jelas soal palsu ijazah laku mantan jabat publik anggap remeh om jelas om dar fakta berita pernah jadi palsu ijazah kena tuntut sanksi pidana,"@asun_damai,@masreyhaan,@kompascom,@masreyhaan,@asun_damai",5,1943280442813428117
1943280589806932099,Thu Jul 10 12:06:11 +0000 2025,beberapa hari berita kait ijazah jokowi hadir narasumber profesional jokowi statement sampai narasumber sebut tampak polri siap skenario tentu,"@tvOneNews,@DokterTifa,@SianiparRismon,@KRMT_RoySuryo,@CAMERALIVE6849",5,1943280589806932099
1943280603266453980,Thu Jul 10 12:06:14 +0000 2025,orang bodoh atur bilang ributin ijazah jkw kan rugiin negara,@Gank_Of_Petojo,1,1943280603266453980
1943280646685962328,Thu Jul 10 12:06:25 +0000 2025,orang bicara duga guna ijazah bodong,@patillele4364,1,1943280646685962328
1943280892853850112,Thu Jul 10 12:07:23 +0000 2025,justru masalah besar negeri sumber awal si milik ijazah palsu,"@masreyhaan,@kompascom",2,1943280892853850112
1943280973531259109,Thu Jul 10 12:07:43 +0000 2025,kalau jadi bongkar semua jabat pernah bikin ijazah palsu enak dikorbanin memang domba,@alisyarief,1,1943280973531259109
1943281021157581119,Thu Jul 10 12:07:54 +0000 2025,gelar perkara bukti fisik ijazah asli sebut kredibel mungkin kira kompolnas seluruh rakyat anggap paranormal semuaatau paling rakyat anggap punya ilmu menerawangshg percaya ijazah asli nyata ada ndasmu,@detikcom,1,1943281021157581119
1943281295309865118,Thu Jul 10 12:08:59 +0000 2025,gelar apa wong ijazah asliya,@taufik_q,1,1943281295309865118
1943285583541109197,Thu Jul 10 12:26:02 +0000 2025,bukti nyata asli sama pihak keluar ijazahapelo,@_riverheaven,1,1943285583541109197
1943285649869803721,Thu Jul 10 12:26:18 +0000 2025,ijazah palsu bagai cara buat kelit wasuuuuuu,@mulanbilqis,1,1943285649869803721
1943285843231412425,Thu Jul 10 12:27:04 +0000 2025,prabowo diam serang ijazah palsu makzul gibran,@geloraco,1,1943285843231412425
1943285864508817760,Thu Jul 10 12:27:09 +0000 2025,iya mungkin jokowi mau tunjuk ijazah asli wong memang punya ijazah,@CNNIndonesia,1,1943285864508817760
1943285989805560238,Thu Jul 10 12:27:39 +0000 2025,alumni ugm desak jokowi lihat ijazah asli muka umum jangan dusta kagama,@PutunMy,1,1943285989805560238
1943286175097135127,Thu Jul 10 12:28:23 +0000 2025,ijazah asli sikeras bilang yakin hukum pihak pada kalau ijazah asli buka publik soal bukti palsu banyak sekali libat nasib putra mahkota ancam,@msaid_didu,1,1943286175097135127
1943286259872325991,Thu Jul 10 12:28:43 +0000 2025,buat apa daftar sekolah pakai ijazah bawa surat terang polisi kalau punya ijazah asli,@Sandika_Noor,1,1943286259872325991
1943286303618908554,Thu Jul 10 12:28:53 +0000 2025,bikin rumit ruwet iya parcok coba sita dokumen ijazah si jokowi kelar semua bukan keras kepala beri bukti photo copy,@tvOneNews,1,1943286303618908554
1943286467763278071,Thu Jul 10 12:29:33 +0000 2025,mudah pak punya ijazah asli lihat perlu orang penjara obama tuduh lahir amerika release akta lahir beres indonesia tuduh punya ijazah palsu lapor sana sini penjara,"@tvOneNews,@jokowi",2,1943286467763278071
1943286619005706292,Thu Jul 10 12:30:09 +0000 2025,iya bagaimana mau ban tim kuasa hukum jkw pernah lihat ijazah kata asli lihat sama ijazah fotocopyan bareskrim edar media ijazah palsu ugm,@bjopass17,1,1943286619005706292
1943286716867186932,Thu Jul 10 12:30:32 +0000 2025,seta ikut paket c asal kamu ngk kuliah alias semigap soal beberapa syarat masuk paket c aku liat cuma akta kakak ijazah didik akhir smp uang minimal umur kayak correct me if i m wrong,@heaveniiesky,1,1943286716867186932
1943287022556451142,Thu Jul 10 12:31:45 +0000 2025,polisi memang berat belah beber analisa simpul ijazah jokowi palsu kubu jokowi tunjuk ijazah apa milik jokowi fakta dipungkiri cc kapolri,"@tvOneNews,@Divpropam,@KRMTRoySuryo2,@ListyoSigitP,@alisyarief",5,1943287022556451142
1943287238126653553,Thu Jul 10 12:32:36 +0000 2025,kasus mbg didik gaji guru korupsi tarif trump dunia ambang iii lebih cocok bahas diskusi solusi sekarang semua energi tumpah ruah buat ngurusin ijazah orang ayo sedang apa,"@mukhtizarr,@kompascom",2,1943287238126653553
1943287253142507949,Thu Jul 10 12:32:40 +0000 2025,kira bakal masuk siapa coba punya ijazah palsu tuntut,@Minnie_imut,1,1943287253142507949
1943287575764177001,Thu Jul 10 12:33:57 +0000 2025,sagsi sm gelary paiman jangan jangan nyetak sendiri ijazahy,@alisyarief,1,1943287575764177001
1943287673143374305,Thu Jul 10 12:34:20 +0000 2025,upload ijazah nyebut asli bukan kamu iya babi arti upload,@DianSandiU,1,1943287673143374305
1943287842823647525,Thu Jul 10 12:35:00 +0000 2025,paiman berani nya copot kamu bongkar masalah ijazah sama sama jadi sapu,@alisyarief,1,1943287842823647525
1943287920896381308,Thu Jul 10 12:35:19 +0000 2025,kalau ijazah benar ijazah jokowi dekeluarkan universtas pojok pasar pramuka uppp,"@AskPerplexity,@bhar13f,@grok",3,1943287920896381308
1943287926303133903,Thu Jul 10 12:35:20 +0000 2025,kamu tunjuk lah ijazah asli mu woi ribet kamu kalau kamu memang lulus ugm jembreng ijazah bego piara,"@bangherwin,@jokowi",2,1943287926303133903
1943288013095895414,Thu Jul 10 12:35:41 +0000 2025,dokter tifa apa reaksi dokter kalau bagi masyarakat ferry irwandi bilang negara temu inovasi baru indonesia sibuk ngurusin ijazah nangkapnya usaha bukti ijazah jokowi palsu guna kalaupun hasil bukti,@DokterTifa,1,1943288013095895414
1943288025553002650,Thu Jul 10 12:35:44 +0000 2025,kalau sih bukan soal siapa percaya mau nunjukin ijazah takut tahu bodong iya palsu tidak lebih mudah tahu kalau ijazah asli lihat mesti kasus selesai sejak 2024 lalu kalau gagah lihat asli,@abu_waras,1,1943288025553002650
1943288032570020137,Thu Jul 10 12:35:46 +0000 2025,kamu bego bukti apaaan wong ijazah asli jokodok tolol kamu qpa o bukti,"@pri_rakhman,@msaid_didu",2,1943288032570020137
1943288085019537644,Thu Jul 10 12:35:58 +0000 2025,minimal ijazah nder punya serti ielts mahal bnget tertawa visa murah lalu depo tabung jt atas rumahapart tempat tinggal sana langkah cerdas buat narik turis mau libur coba cri kerja aussie,"@jeffgoingout,@tanyarlfes",2,1943288085019537644
1943288210039210286,Thu Jul 10 12:36:28 +0000 2025,isu ijazah jokowi keluar universitas pojok pasar pramuka uppp benar dasar nama universitas sebut memang resmi muncul rumor media sosial pihak universitas gadjah mada ugm ulang kali,"@d4ndelion_22,@bhar13f,@grok",3,1943288210039210286
1943288219996455202,Thu Jul 10 12:36:30 +0000 2025,genk solo palsu ijazah sangka teknologi ai gaung anak jokowi,"@yaniarsim,@jokowi,@jokowi,@gibran",4,1943288219996455202
1943288390088298636,Thu Jul 10 12:37:11 +0000 2025,ijazah asli punya tunjukin tolol,"@0Sapril,@msaid_didu",2,1943288390088298636
1943288388552949779,Thu Jul 10 12:37:11 +0000 2025,publik makin bingung transparansi apa harap sedang gelar perkara khusus ijazah asli jokowi mangkir nol besar lelah deeeh apa publik paksa ibarat beli kucing karung,@tvOneNews,1,1943288388552949779
1943288405078450235,Thu Jul 10 12:37:14 +0000 2025,nah mau tunjukkin ijazah kasus mudah sulit bikin publik makin curiga punya ijazah bangga dong orang tahu aneh ijazah pengantin pingit hadeuh sumber youtube,@jokowi,1,1943288405078450235
1943290438636494994,Thu Jul 10 12:45:19 +0000 2025,kalau ijazah jkwi jebolkalah gibran pasti rontok makanya mati mati menang sih,@kompascom,1,1943290438636494994
1943291039772742085,Thu Jul 10 12:47:43 +0000 2025,coba tisik ijazah asli mungkin hilang baca situasi hingga larut analis lama jadi ijazah buat pasar pramuka bukan asli,@detikcom,1,1943291039772742085
1943291308828741976,Thu Jul 10 12:48:47 +0000 2025,sok paling benar sendiri kamu tanya berapa banyak guru tinggi tutup kasus ijazah palsu,"@DedynurPalakka,@Ahmad692x,@muhfadlinugraha,@UGMYogyakarta,@KenSavitri35075",5,1943291308828741976
1943291796538429811,Thu Jul 10 12:50:43 +0000 2025,ayooo pasu ijazah pasar pramuka kerja kerja,"@SPramubinawan,@Opposisi6890",2,1943291796538429811
1943291894731252125,Thu Jul 10 12:51:06 +0000 2025,pak presiden prabowo ijazah jkwi lah minta pengadilan polisi bohong tipujelek nama indonesia mata international nama baik indonesia rusak amp malu kalau pasti hukum amp penuh rekayasa investor mana brani invest,@democrazymedia,1,1943291894731252125
1943291908211786013,Thu Jul 10 12:51:10 +0000 2025,alas terlalu banyak pasti ijazah tetap elak dasar tukang bohong,@OposisiCerdas,1,1943291908211786013
1943292069839278387,Thu Jul 10 12:51:48 +0000 2025,solusi ala tukang kayu main kayu sangat effektif effesien kebiri hukum perkosa hukum cukup pengadilan solo wenang hak atas kasus kriminal kelas teri palsu ijazah hidup jadi manusia ikhlas se nkri,"@msaid_didu,@jokowi",2,1943292069839278387
1943292106761736686,Thu Jul 10 12:51:57 +0000 2025,soal ijazah gugat balik,"@agama_nusantara,@BayuAngora,@sakkusaitna,@Valhallaah,@spektrumku,@Kappa_2023,@bnsphrxyzzz,@RefublikAteis,@iphone7decoco,@Sentjoko,@drhthariq,@KafirJayaOKE,@PaijoKentirr,@tepig_pignite,@blantik_pedhet2,@iam_zelt",16,1943292106761736686
1943292106891579809,Thu Jul 10 12:51:57 +0000 2025,ijazah asli mana versi bareskrim apa versi nama kuasa hukum jokowi,@psi_id,1,1943292106891579809
1943292111354499281,Thu Jul 10 12:51:58 +0000 2025,masa polisi lindung tindak pidana palsu ijazah sih,@bangherwin,1,1943292111354499281
1943292273388818736,Thu Jul 10 12:52:37 +0000 2025,kalau tunjuk ijazah asli jadi perang dunia,@msaid_didu,1,1943292273388818736
1943292292766535821,Thu Jul 10 12:52:41 +0000 2025,pak presiden prabowo ijazah jkwi lah minta pengadilan polisi bohong tipu terlalu lama pak jelek nama indonesia mata international nama baik indonesia rusak amp malu kalau pasti hukum amp penuh rekayasa,@alisyarief,1,1943292292766535821
1943292437172228186,Thu Jul 10 12:53:16 +0000 2025,acara kok tolol begini kalau labfor lihat ijazah asli mana asli mata publik akan polisi lindung transparan apa sulit nunjukkin ijazah asli duga palsu logika sederhana kamu,"@jokowi,@DivHumas_Polri,@ListyoSigitP",3,1943292437172228186
1943292768417452149,Thu Jul 10 12:54:35 +0000 2025,pasti satu lihat ijazah aslinnya yaaa karana memang,@Indra_31_,1,1943292768417452149
1943293102795706520,Thu Jul 10 12:55:55 +0000 2025,iya gugur lah wong ijazah asli apa mau bukti,@DedynurPalakka,1,1943293102795706520
1943293143660581114,Thu Jul 10 12:56:04 +0000 2025,negara bubar ijazah lihat putus ijazah asli,@detikcom,1,1943293143660581114
1943293186539163726,Thu Jul 10 12:56:14 +0000 2025,bikin males buka x putar ijazah terosss,@Heraloebss,1,1943293186539163726
1943293193891778761,Thu Jul 10 12:56:16 +0000 2025,ijazah jkw buat kios paiman pasar pramuka beathor suryadi,@alisyarief,1,1943293193891778761
1943293211633684524,Thu Jul 10 12:56:20 +0000 2025,keren remajadn itb mngluarkan ijazah palsu,@V3g3L,1,1943293211633684524
1943293410158481741,Thu Jul 10 12:57:08 +0000 2025,lawan narasi roy suryo cs langkah tunjuk ijazah jokowi saat polemik akhir sini,@tvOneNews,1,1943293410158481741
1943293865932497070,Thu Jul 10 12:58:56 +0000 2025,tebak awal bhw si mukidi bakal muncul bawa ijazah nya gugat naik banding jangan serah,@kompascom,1,1943293865932497070
